sim,group,true_beta_state,rec_beta_state,true_beta_obs,rec_beta_obs,true_r_cognitive,rec_r_cognitive,waic
0,EC,1.2079982680624888,0.9128290674605573,-1.6520010791345958,-0.9336509719307262,3.846329162236196,4.03195820555103,35392.62355553136
0,EO+,0.7065737922848941,0.7524691165501186,-0.47071234118373756,-0.6718775869435122,3.6163974689277354,3.414404141534887,35392.62355553136
0,EO-,0.299995183507035,0.22149694546680015,0.01356902245522862,0.1830956336199827,3.695560328245892,3.7208487764517457,35392.62355553136
1,EC,1.0888493048841958,1.014408849053725,-1.7666556676026999,-1.782133524064278,4.255855196523481,4.016364897312624,35150.03526046006
1,EO+,0.8158937028351086,-0.6873800680204802,-0.43482030552323364,0.43356692068839586,3.4340563566466416,2.7748263828122774,35150.03526046006
1,EO-,0.5077621576046847,0.44610696876842526,-0.06983814547709068,-0.03371541109458261,4.054513572896665,3.8639848894720847,35150.03526046006
2,EC,0.9188596689332709,0.7809730189463682,-1.1364007270698828,-1.1220272096745463,4.504772478016092,4.103113625542624,35254.743180332065
2,EO+,0.5496140843960329,0.5603746092551997,-0.6327463684063082,-0.5232432137554688,3.6081671219247045,3.6645930022506397,35254.743180332065
2,EO-,0.5378123273631404,0.19570412102852192,-0.05294121761932771,-0.052879094104556074,3.574868155288857,3.551565814188627,35254.743180332065
3,EC,1.0762250380032057,0.7402946797924168,-1.422391078063164,-1.1944589615421823,4.237103231166875,3.701968886399169,35289.98775504268
3,EO+,0.721826829291185,0.2925540053543026,-0.499868523072047,0.07455279212657587,3.5949039633946396,3.377265834600095,35289.98775504268
3,EO-,0.41456882224714814,0.45665479196356235,-0.052890868167189936,-0.1709403243105185,4.088943618787608,4.046427947953313,35289.98775504268
4,EC,1.0869406581655618,1.0246515151456115,-1.5921757345746632,-1.8195833660836715,4.549622407652862,4.523251289018816,35456.52451272517
4,EO+,0.8553910712211747,0.6760030104779265,-0.6371354145714024,-0.41717515829597096,3.8673441005523044,3.8182003462165546,35456.52451272517
4,EO-,0.58923542425269,0.2191574691117609,-0.16626448217273548,-0.003990171730513714,3.535587353680575,3.3476997874867633,35456.52451272517
5,EC,1.08592206296917,1.097339418137528,-1.3133673719216197,-1.631134860663369,4.695916029874867,4.919789627972262,35661.965387102355
5,EO+,0.667303013927905,0.6347817564848395,-0.42221792061944224,-0.19367781776095727,3.699668411420283,3.4076184244587724,35661.965387102355
5,EO-,0.5109676240837646,0.44619020613594784,0.04408999668070993,-0.054581271114271565,3.6271254847455108,3.6847659135949886,35661.965387102355
6,EC,1.0534582402270343,0.8512610176628136,-1.6121960649468174,-1.429324609201705,4.427712486198845,4.315063555932644,35555.74687745978
6,EO+,0.5953021477415967,0.7535433823496505,-0.3320323927365203,-0.4943996095283467,3.977441110680871,3.6812110505629594,35555.74687745978
6,EO-,0.7341130424070339,0.12302197951243013,-0.08176689499652486,0.44267427995106234,3.673753252640029,3.4205956048220507,35555.74687745978
7,EC,1.0141860237559546,0.7790661196884312,-1.5131739012317913,-1.2501647792219457,4.50051739973601,4.152279585555412,35313.23528873093
7,EO+,0.6314861243550558,0.47992304113516926,-0.4409819303693963,-0.2913427932866949,3.642795985822586,3.4738259398008315,35313.23528873093
7,EO-,0.48203891292087914,0.29589704385636706,0.12524797413949437,0.10112511884124609,3.8276211491999708,3.7239139908793497,35313.23528873093
8,EC,1.0656161579165473,1.0792412965979672,-1.4343739210579032,-1.073579147302211,3.953833614032474,3.713621530022009,35578.17372197428
8,EO+,0.6061095075351162,0.6017004127059244,-0.32801685097772487,-0.10430718663397857,3.860368256951331,3.7431487105186587,35578.17372197428
8,EO-,0.4221144188049875,-0.05703516955209521,0.03812341481612863,0.27643268787719294,4.0427087029990005,3.676369637465932,35578.17372197428
9,EC,1.1314487644811504,1.033270880732578,-1.7014214559712797,-2.0381199222112327,4.474595399808532,4.69646197497017,35757.518058998176
9,EO+,0.8192329980680393,0.8675489854384338,-0.7425214168615469,-0.6470590124730455,3.969693604668993,3.994163470814784,35757.518058998176
9,EO-,0.5986273804764535,0.6679686339679898,-0.07421177513537212,-0.25968002451112815,3.808224847376905,3.8057190125030065,35757.518058998176
10,EC,1.1497255969676234,1.112543415843494,-1.6373984881688715,-1.52295398769531,4.004202151546355,4.120944918206761,35480.45077024178
10,EO+,0.849346202132362,0.6156417710549013,-0.6620271434368269,-0.14243785181165114,3.8304361855056035,3.506024377837709,35480.45077024178
10,EO-,0.2596525138256838,0.34494639482528233,0.12667364105004983,0.09053554176295425,3.9999715400242954,3.69493546401452,35480.45077024178
11,EC,0.9269238771525655,1.0726006265756167,-1.474216598984363,-1.643725362974451,4.579209775842485,4.759256875923493,35655.06082476289
11,EO+,0.7052539546136268,0.4719775537820434,-0.3865126453322395,-0.06549423705877891,3.48852541942032,3.491827830095133,35655.06082476289
11,EO-,0.23163820005729277,0.09276176124349661,0.25703333579452803,0.2735905245834014,3.556198588392416,3.6785509945651214,35655.06082476289
12,EC,1.0674777585945305,0.8719763212109812,-1.835788125912956,-1.7433663500101813,4.467154065126914,4.438363898900073,35359.74392120817
12,EO+,0.7273026296205035,0.2503817445359938,-0.6547026426523486,-0.2871724532670511,3.5524159064680165,3.5404143462219846,35359.74392120817
12,EO-,0.5071935241984001,0.1686600360104497,0.25475981172218115,0.413864275330729,3.6463339740969944,3.413261245503296,35359.74392120817
13,EC,1.0032521408076953,1.0194123829069144,-1.2258309680893003,-1.128321139574934,4.314750580700322,4.067426697049388,35370.50042922769
13,EO+,0.6324046133102523,0.49600368789197863,-0.6750571585559557,-0.568273460952136,3.737807148111413,3.5162919147471667,35370.50042922769
13,EO-,0.48033184710916976,0.005711581210462715,0.12388066627917459,0.3098467581496154,4.014641716067528,3.5688816575083075,35370.50042922769
14,EC,1.2811068226040583,0.8915017225524233,-1.6866475634760874,-0.9212865231220231,3.850409260856719,4.056332048834715,35527.52367592243
14,EO+,0.7269646921006778,0.7232749528894873,-0.5198816834929324,-0.7492176435546858,3.613555636129494,3.746303939957633,35527.52367592243
14,EO-,0.3442370668725816,0.29323807326288875,0.1682258953423511,0.1496382570126485,3.634419571110111,3.9340543992640145,35527.52367592243
15,EC,1.1380037319253775,1.1904317491274017,-1.6814815031764077,-1.9241197533673513,4.525996717068187,4.57826879454125,35534.374967781114
15,EO+,0.8566120185020305,0.6969397501255656,-0.7211052643921585,-0.6168363313078539,3.73149342355427,3.3007660613975265,35534.374967781114
15,EO-,0.3478361492381276,0.2526078370053295,-0.07045129862945015,0.03782020204751155,4.250177314650649,3.830598167015105,35534.374967781114
16,EC,0.9877004859663624,1.0185155725841368,-1.478468304910784,-1.319657913778368,4.620443797915968,3.926634687493001,35115.01141651391
16,EO+,0.5190172883807429,0.41078267697872484,-0.5225639974128687,-0.33813118577167645,3.6264820441092676,3.297428632787291,35115.01141651391
16,EO-,0.41549651516657055,0.48359762655778427,0.02487424047003913,0.020988088656388168,3.6379501979438076,3.0953219070283113,35115.01141651391
17,EC,1.0535691699782521,0.7043705630206768,-1.761428687661026,-1.3610643374111382,4.234057918209742,4.194664476655717,35492.704911937326
17,EO+,0.6134069989024898,0.5562423784746175,-0.2244621912653934,0.006333234559936794,3.4086040982410974,3.1374260263681153,35492.704911937326
17,EO-,0.4120335409545971,0.6868574669709145,0.07157775075917353,-0.18543183314106146,4.075494266099171,4.456908969107469,35492.704911937326
18,EC,1.0791913382413496,1.0212313359590626,-1.6604054707045324,-1.772053003331409,4.690488991206053,4.431329192880457,35332.69819333987
18,EO+,0.6889981605226757,-0.1687712479850807,-0.4278142322217566,-0.05108422624124751,3.6488355856739405,3.606684407058239,35332.69819333987
18,EO-,0.7018336982967982,0.6419665942987539,-0.13553123339992487,-0.001555697479588389,3.705821530074257,3.290632020336142,35332.69819333987
19,EC,1.2376855569293626,1.1188463977754424,-1.7263029019297325,-1.4796403934210114,4.1431287692252186,3.978835077824715,35831.983595418045
19,EO+,0.7993178493815656,0.5347197334803536,-0.5815907273756028,-0.2689440599570402,4.1742843374960055,4.0402743342984735,35831.983595418045
19,EO-,0.4969273706068539,0.498381194892598,0.11933140512577536,0.04524043681798913,4.04899108248647,4.4052318456579265,35831.983595418045
20,EC,1.0437422172992161,0.8266480332261068,-1.4962992291540131,-1.3428590133942577,4.350764505785078,4.086658918029066,35422.027823480516
20,EO+,0.3757168365336337,0.25075855376359524,-0.37713618950905764,-0.4075170682639214,4.075197778080036,4.132820391220326,35422.027823480516
20,EO-,0.5416945976408157,0.14013734350546692,0.11368939903672762,0.39525794076683923,3.4958018629850374,3.4159033933441014,35422.027823480516
21,EC,1.185287230535831,1.1028925544697494,-1.5854870002462575,-1.2647688637730035,3.9408752933550493,3.777582479257636,35366.71597896933
21,EO+,0.6893281893435382,0.5126193388313799,-0.4093233635526181,-0.2947508360373865,3.9684722099191094,3.53271424773488,35366.71597896933
21,EO-,0.4472980632595992,0.7681971585108062,0.21165007191152432,-0.01390957274443523,3.691646795904285,3.3967181810569596,35366.71597896933
22,EC,0.9883522404930594,0.9139690068286548,-1.3346048080176327,-1.636687432473558,4.229721917355122,4.2680013672936274,35441.139577010785
22,EO+,0.5780070809855747,0.10149603208435834,-0.1894463471185769,0.28530238869493163,3.379721480039879,3.1278061058797952,35441.139577010785
22,EO-,0.3865044647142109,0.2688800592693703,0.11883817989160561,0.27019918751706556,4.139960050539849,3.9173685476057276,35441.139577010785
23,EC,0.9929197660440625,1.1210383063236211,-1.4099957843574067,-1.4405491836775566,4.54481686602442,4.176004379490675,35291.05070675561
23,EO+,0.6041398029622007,0.6663954927961036,-0.3806870862521756,-0.5721920608135158,3.629805846203679,3.019771120687678,35291.05070675561
23,EO-,0.5719123899641786,0.3579021882227932,0.0014437734400389503,0.1736558577383654,3.918279893467655,3.584487988227953,35291.05070675561
24,EC,1.1552817549235035,1.0153442132222377,-1.7384751283950268,-1.6240446588040427,3.978602343505951,3.747779341145262,35282.71663123065
24,EO+,0.6957926339081056,0.24273978097898113,-0.6237189999379765,-0.1228082304220403,3.6849255786201667,3.7285353173948304,35282.71663123065
24,EO-,0.49638113750929186,0.12690629650767293,0.05949392166070183,0.13330436301181814,3.537088035243061,3.4489325203228587,35282.71663123065
25,EC,1.1892919743920738,1.1106314983819088,-2.404782996350217,-2.056428591185186,3.7932890176254968,3.7710611074784848,35646.89228089207
25,EO+,0.7641585028008393,0.7211025153698982,-0.9853259177205266,-1.0179142576575733,4.337885952101322,4.259654606569217,35646.89228089207
25,EO-,0.5446462011838584,0.4626488823552548,0.06645584017480391,0.03208946720278906,3.961191409244701,4.111487624980965,35646.89228089207
26,EC,0.9580162745312752,0.9470428857048363,-1.650872276855679,-1.586554839332945,4.050537371493893,3.9230297517639796,35325.23183896938
26,EO+,0.7211542024746581,-1.1861046759056084,-0.6403496593024153,0.15372798474419486,3.697258699012203,3.7307427151527333,35325.23183896938
26,EO-,0.5551956401199092,0.38006378057611945,0.17729320637436966,0.0680227733057737,3.749080279735271,3.549487836636666,35325.23183896938
27,EC,1.1033176587603386,0.9617343826337883,-1.5043189367891527,-1.0233779820811084,4.196030427208359,3.983305204576272,35225.59334799242
27,EO+,0.9806997238765403,0.37484630722808243,-0.587101674041396,0.1893448635201892,3.6323808271416147,3.0827452045524053,35225.59334799242
27,EO-,0.5375322403355363,0.27349912984338287,0.04654267956143929,0.16191617022699223,3.714828308181398,3.352870671211753,35225.59334799242
28,EC,0.9857411359487382,0.7584200013747576,-1.7758344476349068,-1.6953734182264495,3.984663896404024,4.05570674909797,35414.376460995176
28,EO+,0.669325062756823,0.7300650800397672,-0.7538069016468768,-1.019330690707967,3.7955253340019386,3.891309780398056,35414.376460995176
28,EO-,0.449234456546638,0.5247779222087778,0.2919405701476768,0.28835352409124826,3.7417402337488586,3.8232389703003906,35414.376460995176
29,EC,0.9686523872662796,0.74933977275751,-1.2535291876298251,-1.1651030745794473,3.9449828458500784,3.949390622216532,35009.9291479709
29,EO+,0.5992829884035553,0.28977871965367996,-0.4696337119532696,-0.4207815422603837,3.292691901332393,3.348805279914374,35009.9291479709
29,EO-,0.6133661544030398,0.3374696761464662,-0.035217231677760474,0.46703226284779376,3.632683436419611,2.940311020774138,35009.9291479709
30,EC,1.0652451495750905,0.8794965988581547,-1.6059002703574339,-1.5012910698643693,4.635952931892203,4.833494524960045,35718.808039937176
30,EO+,0.5654721142905268,0.6145363201268925,-0.3363145883152759,-0.6108769390609137,3.770415434874609,3.9478039391080673,35718.808039937176
30,EO-,0.6149711481169841,0.5044768504156842,-0.04566372191623546,-0.11820516822027942,3.950297994278679,4.164939486183988,35718.808039937176
31,EC,1.190053024807825,1.0901123406867967,-1.8824314664298698,-1.4730427107277109,4.5692234832944685,4.4415473109872,35694.88176815663
31,EO+,0.7460689632061143,0.8356178780224328,-0.37024320347894224,-0.3116117124722366,3.7618593222841077,3.3967091815320996,35694.88176815663
31,EO-,0.26512204622179664,0.13482408022863598,0.3068847176416146,0.3523490066425078,3.7567464805016857,3.8258121946849664,35694.88176815663
32,EC,1.1158347416762424,1.0752460782361966,-1.530930403467224,-1.62105061182793,4.402180538278557,4.338282080912542,35446.157951675974
32,EO+,0.9526277941013497,0.8255245599131235,-0.7760828726204337,-0.5799096072827363,3.7876458144757605,3.781394338804836,35446.157951675974
32,EO-,0.5498573320506731,0.059952849396222134,-0.009705927308987287,0.2877540319330558,3.5263124849213625,3.1095123208979145,35446.157951675974
33,EC,1.109786511960831,1.0050693482254727,-1.68883234728488,-1.593807188473149,4.047927802563403,4.067636885345582,35514.412442032946
33,EO+,0.8478586963072615,0.8967501755366025,-0.706354735952611,-0.7010069851233656,3.495132415807054,3.8530970081054927,35514.412442032946
33,EO-,0.20035336497954787,0.25364704978047353,0.2152582692110601,0.16423972449285562,3.7004742366069268,3.6485575041665985,35514.412442032946
34,EC,1.2333648629329061,0.9659965264965509,-2.166879382568091,-1.4380217037826242,3.8488889262738044,3.8783081458772273,35252.04768733659
34,EO+,0.5993144065842685,0.09844696527383189,-0.36599542985318584,-0.1887933304992898,3.7773986869341027,3.313185643220962,35252.04768733659
34,EO-,0.4963193517183467,0.10578769674540632,0.11179729234398725,0.31969683463041443,3.8808955327428225,3.7622624894540024,35252.04768733659
35,EC,1.0453337431789032,0.6657667593747776,-1.607772757054159,-1.0773611861009291,4.454780005790346,4.587705402344714,35293.55666278351
35,EO+,0.505103591136133,0.5735125119735255,-0.5833706057386994,-1.1555297905677278,4.3058922680029585,3.7074461628311006,35293.55666278351
35,EO-,0.5379886401102837,-0.09391681089067812,0.08643004377364549,0.41913559593653094,3.53615628793958,3.166828644577227,35293.55666278351
36,EC,1.178654056729826,1.1099763554397626,-1.7825609962411229,-1.5403174574199014,4.347575857993519,4.240619856772614,35381.55872741728
36,EO+,0.648781664133877,-0.2821823041781166,-0.4865948516526816,-0.23860567731279778,3.624600126182365,3.802979595501828,35381.55872741728
36,EO-,0.41377232675527914,0.2317309592480966,0.24313555200319525,0.4570734996256553,3.691408317554349,3.290547562860171,35381.55872741728
37,EC,1.2306581380724544,1.2346124204053552,-1.6311188359191713,-1.5522136467982444,4.3621674088305875,4.310042927318703,35766.3217272718
37,EO+,0.6547311931154023,-0.2045772687838851,-0.5164373212584346,0.1676963805499994,3.7293860418129956,3.2944863467274317,35766.3217272718
37,EO-,0.41921344421930834,0.2719357408415515,0.1914212071240663,0.13670468212696907,4.146989027867628,4.5697259804060915,35766.3217272718
38,EC,0.9959587167364157,0.8846789182697068,-1.4689766615310198,-1.436031869471218,4.732110186710032,4.5595248257806595,35484.48329435301
38,EO+,0.40046982714812285,-0.21352466454447644,-0.37937843263622334,-0.08538359582274073,4.080492367885918,3.8694178120308385,35484.48329435301
38,EO-,0.2609820620563212,-0.21710147831497012,0.2616575199591622,0.5208045183533743,3.679025075999924,3.1497157098820567,35484.48329435301
39,EC,0.7647638864667399,0.8156309161892727,-1.187294521597182,-1.268309819210933,4.376447189424446,4.28527326184482,35214.43055600362
39,EO+,0.826420612381302,0.9607592175203443,-0.7414518750013838,-1.2345555858872868,3.569374969536893,3.7345399571139604,35214.43055600362
39,EO-,0.48222336898300056,0.6971198450368483,0.01505028169731887,-0.14109683687270622,3.3160734416498143,2.8735206483613833,35214.43055600362
40,EC,1.2054030746387934,1.2191784888289772,-1.7080929454062699,-1.594464925983247,4.266539194694107,4.133463377681611,35667.32877893419
40,EO+,0.9303438121420945,0.5047967896843901,-0.6996630382541889,-0.2198201045274183,3.835479838126977,4.2861516992857265,35667.32877893419
40,EO-,0.6276447658591193,0.5442022186914235,-0.12458187239854805,0.05195524654817236,3.3252529062911473,3.226790892552046,35667.32877893419
41,EC,1.1340922691624298,1.1318967385034502,-2.1093407448720494,-1.790273433794197,4.151435270649062,3.872917189274646,35365.86441862486
41,EO+,0.5488627013575826,0.19025896695529781,-0.680757768004872,-0.22980936118214768,3.8117817709260597,3.7951337093493205,35365.86441862486
41,EO-,0.6139584150717329,0.9211480392090714,-0.027578267421722827,-0.2681559800907256,3.8895748485705073,3.317387531917582,35365.86441862486
42,EC,1.0465935570640443,1.1141374622943134,-1.3669575627098802,-1.355349242458272,4.430782506432411,4.45873902701814,35640.30615225139
42,EO+,0.7360805970140957,0.2330034638801553,-0.8460388529858873,-0.27813421693096474,4.365569296417327,4.011490774982427,35640.30615225139
42,EO-,0.3207879262770453,0.4667526883381199,0.15784171519392848,0.039028202596134896,3.5082615172161913,3.3835870610796728,35640.30615225139
43,EC,1.1111694481321797,1.1077893264705527,-1.3896738566214724,-0.9735073618816918,4.359372196581321,4.48998063663815,35586.53214282652
43,EO+,0.6586866144555419,0.29848487742449936,-0.6273675396550483,-0.18850275235180075,3.630014137397764,3.7583218054066316,35586.53214282652
43,EO-,0.4854015050429942,0.43318105376935023,-0.2614397982772793,-0.15901850315901866,3.958946388458015,3.44829933273013,35586.53214282652
44,EC,1.0396968174802053,0.7637026045409165,-1.5944411827297282,-1.1343460951132303,4.000628613679529,3.3889878865109053,35377.988210110176
44,EO+,0.6660947142759368,0.29493163461524463,-0.41415560720667083,0.05255155702273277,3.6518470207610965,3.3675825297132302,35377.988210110176
44,EO-,0.6688985972572601,0.3138297498073856,-0.16393935852103217,0.10069009313233668,4.486103850546462,4.565689873529025,35377.988210110176
45,EC,1.0557114441366071,0.9582094566247459,-1.7304936007593807,-1.3515080132860247,4.451321680727163,4.334353655727943,35492.28759127725
45,EO+,0.5560273367249403,0.6130082416552647,-0.39006152540072403,-0.5407170398652108,3.926179209289212,3.8308895741891478,35492.28759127725
45,EO-,0.15025893656281472,0.4170168876823762,0.2982236775350679,0.11541838282066519,3.7330445412136894,3.4893700741720033,35492.28759127725
46,EC,1.154292465324808,1.235518494742836,-1.7003560975896803,-2.1813682650857427,4.134724452747188,3.6269104128998104,35404.85551337226
46,EO+,0.6193663276051983,0.4665481525222457,-0.8891239802424663,-0.432023428724646,4.2145560825596045,3.734876210932417,35404.85551337226
46,EO-,0.465239174079811,0.3085248799581862,0.13804975211313228,0.29729513199072855,3.8102477202006604,3.52231919992687,35404.85551337226
47,EC,1.1580202057504172,0.9851598760703579,-1.7138589209576303,-1.3292622074058251,4.274547891304631,4.118650462150265,35445.90719423217
47,EO+,0.6735691117969917,0.5654119555674616,-0.2662213097066714,-0.10901609385465372,3.743007830351864,3.490502364180575,35445.90719423217
47,EO-,0.42564454082716413,0.6888911793639754,0.06259820535791606,-0.17148907244934727,3.5363097178408225,3.543689665310829,35445.90719423217
48,EC,1.1618494742217147,0.8313577752574446,-2.084920247012194,-1.6660262366922116,4.154436170235719,3.892737298590676,35025.14983861582
48,EO+,0.9214375779441342,0.6956826839300085,-0.8736540086414196,-0.11291870024539187,3.476737625454493,2.9458675598954,35025.14983861582
48,EO-,0.4395743115066778,0.40585130998536173,0.1137350797233669,0.26795642653376706,3.5820587329964937,3.2305861046134057,35025.14983861582
49,EC,1.01251880237953,0.9589678364956675,-1.4223255961750512,-1.4038498601643523,4.631723180114034,4.606922984233449,35570.773340225525
49,EO+,0.7049066184590109,0.6061659135006527,-0.5969139288513327,-0.33921228368551104,3.6107109835777793,3.3012278960598316,35570.773340225525
49,EO-,0.44623970222888726,0.357342945796675,-0.04032873270202546,0.07923458984420859,4.1824217190933695,4.082877835835713,35570.773340225525
50,EC,0.9174280029800823,0.9033100050823939,-1.4195638308326328,-1.3588594498848034,4.771145407863144,4.936098518349999,35696.61619200866
50,EO+,0.728217847398877,0.30098953338544265,-0.43200693328820794,-0.0617434623369114,3.689645688970748,3.7154856265864913,35696.61619200866
50,EO-,0.4717054683160516,0.42037569995353785,0.06370944412899951,0.09259845524007358,3.973307582777267,3.8599845075603194,35696.61619200866
51,EC,1.0575596611434817,0.9062773447867307,-1.3891526765573572,-0.9886573315837263,4.375431885944841,4.203120587642156,35408.87646772514
51,EO+,0.6907559262572206,0.10259875046110127,-0.4320670736096216,0.1885793139215709,3.8068263779482945,3.125652191446359,35408.87646772514
51,EO-,0.02610702122262657,0.1891336241044096,0.30050820686549723,0.1918254775223069,3.913010170739889,3.8055396623370705,35408.87646772514
52,EC,0.9957888045031437,1.1228161720031373,-1.5965778205996537,-1.5455305560828596,4.057255795552506,3.7715777491300138,35190.394321355016
52,EO+,0.5888938920819141,0.2590674256952815,-0.43837243186822467,-0.1101577575718869,3.82931719070935,3.6024230365253533,35190.394321355016
52,EO-,0.35337472717670787,0.4361136794096363,0.13885231044311155,0.10577843300101317,3.617031867743133,3.137912035141791,35190.394321355016
53,EC,1.1428123085492374,1.1500755915243408,-1.7064213527927719,-2.056240654437678,3.9753844052932052,3.8721109413570325,35408.927246064966
53,EO+,0.25961264757078956,0.1523186823148876,-0.0068027135324352445,-0.00852545536828306,3.821747704791643,3.8184848984602993,35408.927246064966
53,EO-,0.6684667960479498,0.6015004689389045,-0.24364020361067656,-0.13672819476840897,3.788477245150971,3.3113446309656407,35408.927246064966
54,EC,1.156780457899008,1.1255463351120558,-1.691917876053126,-1.765615106203533,4.277440283949852,4.3000905157112745,35559.53072756827
54,EO+,0.7265280324327659,0.5594044733820002,-0.4944059292514502,-0.36441801243490635,3.892621721036447,3.682866178215778,35559.53072756827
54,EO-,0.25292952316111833,0.3541263316808514,0.16549139931350004,0.06690134230028655,3.99273822547953,3.6971319270427285,35559.53072756827
55,EC,0.8521896216206978,0.5183729014064113,-1.1629258777470468,-0.9337151487832769,4.5029885668609975,4.629747168639379,35417.31433616816
55,EO+,0.24976901825704678,0.03197218942111078,-0.12044933182032193,-0.12219985483104658,3.6531233344319034,3.5430088242410394,35417.31433616816
55,EO-,0.5445148527369,0.38745309978050585,-0.11565008453714744,0.11804605871922906,4.193003521308629,3.738884799264719,35417.31433616816
56,EC,1.1241902999386852,0.9377303422934384,-1.3517878968658803,-1.1669525000242926,4.229017638479708,4.524427918002697,35441.756006657066
56,EO+,0.5299247426717535,0.1613528856121981,-0.27804520383564524,0.1080653418622248,4.1666670120790155,3.5269377177299157,35441.756006657066
56,EO-,0.44273230889115484,0.44076632239474356,0.09332630555391144,0.04664121157776413,3.50988475726282,3.301527124677957,35441.756006657066
57,EC,1.2793399246600725,1.3086125651078695,-1.747921262585636,-1.8458246140601986,4.128858468811799,3.6689091822014266,35254.35919992882
57,EO+,0.6303344133170866,0.571274109445121,-0.3133713143507479,-0.10495665138971223,3.5629750944800747,3.2693258485882373,35254.35919992882
57,EO-,0.4878683334374588,0.431058838845223,0.025687869087104524,0.20909919595434112,3.3078478760146877,2.9995365641980616,35254.35919992882
58,EC,1.0578332393954444,0.8575530606608741,-1.6701540982944962,-1.4868554709006019,4.526021600091374,5.061777188720631,35448.05463437912
58,EO+,0.2851836892488941,0.11059920448723445,-0.19517053458837047,-0.3458810181036927,3.7388548860596735,3.874134840453819,35448.05463437912
58,EO-,0.18465204774125726,0.09961225191849235,0.08258963072977492,0.2990834170385235,3.7946002673925165,3.165050584479765,35448.05463437912
59,EC,1.3030727622064509,1.1695951771043775,-1.922479797138293,-1.5146278630879881,4.625620027162231,4.536851865755601,35395.8082524595
59,EO+,0.5740884935444489,0.39085694165354157,-0.426455468227966,-0.26365827144892295,3.6533160931141255,3.2547738607661936,35395.8082524595
59,EO-,0.4711386382679719,0.5931376707790892,-0.025317431603962513,0.08335550085512908,3.825884503616174,3.402944641988646,35395.8082524595
60,EC,1.110905770825334,0.9077911894736008,-1.7579875959696456,-1.6005595861638393,4.156326335504482,4.455621558627739,35337.54654463537
60,EO+,0.6724337839840031,0.7400075497588898,-0.5401604836677713,-0.47560882282365413,3.807794366785011,3.3836203265413625,35337.54654463537
60,EO-,0.3228614897777235,0.2177506339492068,0.05271524272474073,0.12530698239822874,3.53200565795239,3.449972461990906,35337.54654463537
61,EC,1.0294309808402111,1.0375755431353069,-1.5601348235055053,-1.7513468559512089,3.8493745104930555,3.4677028169528326,35303.994798724285
61,EO+,0.38621720679478705,0.17153872764627517,-0.3147695121027492,-0.2689665833781724,3.799114053695307,3.664926627397048,35303.994798724285
61,EO-,0.4276482716496648,0.33027438165335987,0.048135031547265734,0.0013411834436581524,3.862376453138466,3.9515212355089506,35303.994798724285
62,EC,1.09082188311987,1.0929811585108922,-1.7396790753586697,-1.5938254997206465,3.8305161402466488,3.7034433326075167,35531.690249114305
62,EO+,0.6156121546934246,0.7660641112739957,-0.47397870173164863,-0.7849169293215288,4.001351397578084,3.8619951426451937,35531.690249114305
62,EO-,0.44108803786723433,-0.028185810680728268,0.1285537405616266,0.2314944438349455,3.760611533328644,4.021465410604305,35531.690249114305
63,EC,1.223219407634014,1.30752831447028,-1.8768411144903179,-1.7727115467654673,4.425844395150069,4.108582420926923,35552.86328101098
63,EO+,0.29377746306663804,0.1173024398097741,-0.06928682328266138,-0.06538940178618811,3.6763883479879,3.5227903410076493,35552.86328101098
63,EO-,0.9157970802891962,0.9990359528021853,-0.2920799607207832,-0.3124229453864538,3.6463712252756255,3.6315225298200007,35552.86328101098
64,EC,0.9143890695932185,0.9202610349842314,-1.4143141124922065,-1.3329344974706703,4.605878158767975,4.095182952422312,35615.04850996737
64,EO+,0.7686798033299104,0.7262925492595933,-0.2489672373045538,-0.2276705192852336,3.7153168150485367,3.7141875035399123,35615.04850996737
64,EO-,0.511526379065606,0.400534559863418,0.20614116783445688,0.37333691850127027,3.73566523730211,3.693691595176202,35615.04850996737
65,EC,0.9190058408476568,0.727460582452861,-1.517056069244243,-1.1572691738096708,4.779312910226197,4.748585669559853,35406.395902081495
65,EO+,0.9319966249243182,0.9049136752438959,-0.8745028479999801,-0.9906349372921153,3.7708822657738743,3.5029359381947454,35406.395902081495
65,EO-,0.4384237138583946,0.6400722491226247,0.018885998261252465,-0.3564334282700474,3.6960189100397387,3.209615039071168,35406.395902081495
66,EC,0.9844761583371621,0.9757094299536513,-1.487572527695307,-1.2993840009575113,3.9610332966325164,3.5279472686933904,35469.5056580739
66,EO+,0.7376215770837001,0.9823666327853098,-0.222501423942007,-0.36054412546584247,3.5135427066125073,3.4585111141733,35469.5056580739
66,EO-,0.48446076710303737,0.3701805805702727,0.017335379354938042,0.24128264835654062,3.8936149472439796,3.8719773880917763,35469.5056580739
67,EC,1.0406851497909735,0.9225952578114278,-1.3908533015807534,-1.0740053292035314,4.47470216726509,4.207551609014548,35356.29617827754
67,EO+,0.5328508849360595,0.3049950642111054,-0.31198417850738186,-0.223484455542396,3.3929307662913297,3.5191406186141325,35356.29617827754
67,EO-,0.4188494014306168,0.10679230698772602,0.10205643592611194,0.35381325112806444,3.7652033905651003,3.2809547662594127,35356.29617827754
68,EC,0.9070994285564286,0.9619381232139979,-1.5804447529139025,-1.5632726822335474,4.435491581613251,4.228105041597132,35369.19059315183
68,EO+,0.5074906605992824,0.21582498216260326,-0.4275850550262369,-0.1869622947656319,3.8288789141590294,3.9124287035775724,35369.19059315183
68,EO-,0.6039709554046302,0.9629979001861919,0.11608788070880142,-0.09315741815510419,3.472092781804196,2.957983444555797,35369.19059315183
69,EC,1.08315353568485,1.021222957133403,-1.743457705054085,-1.4320657925617268,4.511229505991515,4.027646100055293,35470.469466181705
69,EO+,0.47809262844594036,0.29843148483258397,-0.3655363182196013,-0.2115041674178792,3.7714054896015696,3.826047231149476,35470.469466181705
69,EO-,0.35344563210516,0.6305197108286043,0.1551819028638455,0.03184988293933437,3.844338799302431,3.5794478487693464,35470.469466181705
70,EC,1.1781018253585271,0.976411876174815,-1.6358292092092632,-1.1774851721822084,4.113143686418916,4.052421765318818,35526.86877683542
70,EO+,0.3757739155122083,0.45279430370313867,-0.4095500057173518,-0.425234056415117,3.8654176644446907,3.690398708762819,35526.86877683542
70,EO-,0.40053894882513347,0.3306815701739939,0.2539268388040133,0.40315496871083867,3.7074422746367297,3.725300503806654,35526.86877683542
71,EC,0.9888758339901352,0.8624363218517181,-1.2819202532007057,-1.1554353660005692,4.6178975174179495,4.3084890185846785,35496.15375365218
71,EO+,0.6536066186947854,0.1441159661352494,-0.2970205621464389,0.10905524124300209,3.8303879544463837,3.6702424927013877,35496.15375365218
71,EO-,0.24617357471620693,0.20159553654079815,0.1005938757938524,0.019044084946471123,3.7741468900502397,3.7321274886172855,35496.15375365218
72,EC,1.0424138696269494,0.9741952551137782,-1.6587834849727154,-1.5897290514052411,4.295587542777907,4.5909824196220095,35701.17824865446
72,EO+,0.7572504647309359,0.7319280778922632,-0.637648176466647,-0.7295267267811989,3.858961236005133,3.8154321544257295,35701.17824865446
72,EO-,0.7478852083073597,0.6206920518010924,0.08156695769714538,0.1246120641405645,3.5262580210070342,3.729784768079433,35701.17824865446
73,EC,1.0516057894320652,1.1459265821608797,-1.533097622444164,-1.722265551727753,4.387547629899263,4.226346915397024,35198.27236384261
73,EO+,0.5165924422862659,0.5244692081538456,-0.17849591341558022,-0.34489614462642987,3.788981540826302,3.3952610602715456,35198.27236384261
73,EO-,0.6781589051515187,0.6184055488312798,-0.26105190460626476,-0.41251043804408905,3.645733853347389,3.007357134906737,35198.27236384261
74,EC,1.2022174065927922,0.8623941136421388,-1.7711069544839713,-1.1083071028180527,4.13033293498691,4.325800886489605,35413.66122504588
74,EO+,0.55619931611449,0.4805957165930361,-0.21069277903931183,-0.06889837596289429,3.244037589334042,3.1031183647261766,35413.66122504588
74,EO-,0.6578098822538414,0.8656302568278446,-0.07942768849964353,-0.13392416539046187,4.0624862455513515,3.825620019833214,35413.66122504588
75,EC,1.1489552500135705,1.1471287492246864,-1.6652065721788192,-1.6020268821684789,4.560271096095915,4.675774118560425,35584.21627746067
75,EO+,0.6319473635950247,0.7369834541633077,-0.3668034467223249,-0.4930935807038645,3.588080780144913,3.643939495954108,35584.21627746067
75,EO-,0.19364836852211725,0.09095019834214917,0.16048048293750175,0.10837134889982475,3.781388397189416,3.5792872017404713,35584.21627746067
76,EC,1.156539744647976,1.1664169533605362,-1.6749990004345188,-1.575638267144367,4.315155199375221,4.287730388247606,35493.32039902172
76,EO+,0.25267410455054734,0.0476207750349507,-0.06120208835610533,0.011591307424557468,3.7079558096336296,3.60149647937465,35493.32039902172
76,EO-,0.41270277887417367,0.4490261949981088,0.09294632530711616,0.19183121122389613,3.7382789455231853,3.321938198687209,35493.32039902172
77,EC,1.1728654184711746,1.0796049484135795,-1.7134291715309553,-1.7932156274947721,4.027740517697759,3.766916179287346,35427.14482757317
77,EO+,0.7136137670581044,0.6859234826121301,-0.5506520459947805,-0.6556993714350088,3.6988327325600268,3.4291313816898867,35427.14482757317
77,EO-,0.6002060986499255,0.5103658443789956,0.12716146013384505,0.2151866918601592,3.786626773917976,3.9948629433288776,35427.14482757317
78,EC,1.1406294771059313,0.9924091203732163,-1.7007513699780203,-1.641640736268769,4.391829349442217,4.54026037827235,35511.33702356674
78,EO+,0.5070401855368156,-0.41173020848162156,-0.36289831071673656,0.22703051971314067,3.9523216740991733,3.6274930027870296,35511.33702356674
78,EO-,0.7367232248547063,0.6647574817376459,-0.11895238267240663,0.07543319247996078,3.6868290651529176,3.4071490949795766,35511.33702356674
79,EC,1.126928173253911,1.1499483601796903,-1.3757296257450016,-1.8101707080303489,4.199850724297887,4.137682743070179,35626.24203529985
79,EO+,0.9069943352588502,0.8652919612511143,-0.8783158349850285,-1.0113722407183758,3.663975710738743,3.512554232067579,35626.24203529985
79,EO-,0.8106534428705436,0.5274809761638903,-0.26333568706141314,0.03423009142935392,4.160441306468079,4.11462570712762,35626.24203529985
80,EC,1.0246248575020438,1.037156987710182,-1.5254511226435354,-1.7843421815833396,4.308982512372378,4.097353110799789,35258.2192113295
80,EO+,0.59114808546703,0.30576291171187897,-0.13129258822972267,0.09034954339975897,3.2889397094723023,2.8760439598591363,35258.2192113295
80,EO-,0.46744555692887213,0.6467662706362004,0.08918124990579852,-0.03847313141002376,3.760119244229419,3.6768631581052347,35258.2192113295
81,EC,1.0181127690838558,0.8191094479965546,-1.7208364563906342,-1.5053102678709027,4.2201169508004845,4.085496612567447,35587.45707421538
81,EO+,0.8372827774064899,0.4776069912924061,-0.6585797532589848,-0.32784496311510436,3.9580745772315375,3.9977049139260727,35587.45707421538
81,EO-,0.520809244636889,0.6817723541361711,-0.011024893030486645,-0.2746792480576724,4.404523332333943,4.158105836260227,35587.45707421538
82,EC,1.0174755535096156,0.9113373025063218,-1.533173828720546,-1.6149421045432648,4.324050306164147,4.196477555221613,35473.21418001849
82,EO+,0.8454280920635796,0.6147025592567472,-0.6325818501515644,-0.3200181212555577,3.922119605425169,3.577779223199532,35473.21418001849
82,EO-,0.672634722472754,0.32762362321782956,-0.1663250601740458,0.18780581258864476,3.9357004937883158,3.694289443526608,35473.21418001849
83,EC,1.020855008266404,0.5951998881999588,-1.5404692863468845,-0.9202525305996359,4.5486061116749,4.825332813261372,35549.991193880676
83,EO+,0.42022332025855197,0.09865698237167536,-0.3829526114775796,-0.0087812390620817,4.291501791630832,4.009150941105335,35549.991193880676
83,EO-,0.5242452615668036,0.8615593251615246,0.048180334318984046,-0.29745884285130947,3.6066846749936756,3.166726672967256,35549.991193880676
84,EC,1.1215365759129425,1.1670783257931667,-1.5840356836272282,-1.7152782544905683,4.269129739776095,4.232990501475491,35634.53292167629
84,EO+,0.4829354834147871,0.31632746170140535,-0.39808814155632805,-0.2695445391741218,4.413762084013827,4.085287345765816,35634.53292167629
84,EO-,0.29426427315533876,0.6296573427664107,0.1614026634180287,-0.0003493734916677002,4.008020406639596,3.524872994555781,35634.53292167629
85,EC,1.3496093963276945,1.3745681769686215,-1.9695340147520009,-1.7718945221012277,4.546941690560686,5.10962549383715,35730.33809094358
85,EO+,0.8652768426085247,0.8726506356426165,-0.5201476917447408,-0.6089319291029583,3.4475686935443117,3.4843166823201015,35730.33809094358
85,EO-,0.6063280876536549,0.5032957948970589,0.04892517196333826,0.182724814312383,3.684829256163394,3.21769369769,35730.33809094358
86,EC,1.068892398921468,1.0621341142999507,-1.3598958674401609,-1.3799962652781654,4.59104646377636,4.4996414737990875,35687.6418050046
86,EO+,0.5823033409605388,0.4678542892942928,-0.43737786233282183,-0.24648246001619112,3.960007917875731,4.1611109337161185,35687.6418050046
86,EO-,0.5312653079323245,0.07095745020048012,-0.14042125146827752,0.2032175749150651,3.85043026032446,3.5436022351186733,35687.6418050046
87,EC,1.051086419769714,0.9031901974934309,-1.8046287869472974,-1.565535395422624,4.620521215552607,4.3015532416320825,35392.366793826615
87,EO+,0.6514314647132826,0.7876080093772917,-0.47428551034505234,-0.6278644928811907,3.5447419032197605,3.460424913107774,35392.366793826615
87,EO-,0.2898474347473437,0.23427032657870223,0.24978009075667587,0.24500861135348392,3.678150817225407,3.805634524195849,35392.366793826615
88,EC,0.9576420848903868,0.9377908659435683,-1.659814330642597,-1.2704268049633183,4.557861948706215,4.324230753623296,35532.03885031379
88,EO+,0.3244610354817025,0.019299968801702816,-0.1720275736538232,-0.06551182052962465,3.7208730889469637,4.046464441306533,35532.03885031379
88,EO-,0.6086895590624586,0.5143590486261043,-0.03430412220616208,0.020401925777202436,3.6631200454081845,3.4537527905496157,35532.03885031379
89,EC,1.0847249924254085,1.074512429441866,-1.3799674592615319,-1.6111922603163027,4.442303140576289,4.290448980007205,35643.05231439677
89,EO+,0.5872306903528395,0.5769133676470881,-0.3890104694698654,-0.39903470893041615,3.609900527281761,3.7556310009911167,35643.05231439677
89,EO-,0.8913221634396732,0.9360203678417109,-0.3484345376844178,-0.5486617829358921,4.305191778556551,3.756954549121073,35643.05231439677
90,EC,1.0184004401925695,0.9742069016657392,-1.3889242618255566,-1.4921385253762036,4.189030363124195,4.039088413501891,35334.67836034271
90,EO+,0.7726063054698362,0.7315304696006466,-0.5287082793449351,-0.3253837458540675,3.526813365929892,3.270759238896705,35334.67836034271
90,EO-,0.45714455158833467,0.29297827774474583,-0.11933856384252017,-0.17177867671989394,4.010089900542614,3.899062229341345,35334.67836034271
91,EC,1.1043868089751119,0.899491679131075,-1.6881026225948206,-1.4385351673251243,4.522006750534179,4.532731861353147,35629.94428599181
91,EO+,0.6998157102030946,0.6572523082525162,-0.3552916033867057,-0.4138631680962991,3.74393148492263,3.711013153088297,35629.94428599181
91,EO-,0.3577616262774312,0.35280002346514394,-0.006779336530124615,0.0207200040586841,4.111393418354602,4.0711639360694045,35629.94428599181
92,EC,1.0373809257324305,0.8178714838149348,-1.356753608275602,-1.289983565545639,4.385091877270276,4.56419039261362,35272.33216141853
92,EO+,0.5650678612867002,0.544423331506519,-0.37854658410208786,-0.8280642388606005,3.4838776659739863,3.387910216594582,35272.33216141853
92,EO-,0.5041106523143913,0.4714037864217031,0.14219348722552405,0.1304454616478447,3.5829836567912534,3.412182278577027,35272.33216141853
93,EC,1.176915122142058,1.1997740119413558,-1.835606967759514,-1.758722439494957,3.788187123316133,4.074405164045928,35758.716020443804
93,EO+,0.6198254060692695,0.593633097840507,-0.7722563706014355,-0.6666026400844596,4.151252928045412,4.20210811183874,35758.716020443804
93,EO-,0.206508721779389,-0.008442642868496828,0.37356960083784796,0.5280329493258078,3.9594015848576314,3.769153875312269,35758.716020443804
94,EC,0.9713568109390633,1.0292404451825368,-1.523662519118202,-1.6396807850751585,4.391928643418414,3.670238787308886,35175.87824047227
94,EO+,0.5276813753287687,0.4925944492179163,-0.25901142963894785,-0.15759699200375432,3.6553407086987177,3.2575600214261957,35175.87824047227
94,EO-,0.29361880655308137,-0.0560379122472275,0.19014261420939388,0.49189729488509704,3.6553872512426206,3.293708865467831,35175.87824047227
95,EC,1.1352605913144755,1.1549519950307365,-1.7100755351258348,-1.7758050058801873,4.578039688992353,3.9680977103154014,35620.7075429479
95,EO+,0.7055836252071691,0.7214470282415861,-0.8513893021151973,-0.7319213231919244,3.8264641383707216,3.5665604362861663,35620.7075429479
95,EO-,0.7459508189810241,0.40872570365106675,-0.1722538436050012,-0.044002148922093906,4.2476586336712705,4.365226318982607,35620.7075429479
96,EC,1.1055311134509842,1.026720306295059,-1.5975882375269732,-1.7826348535061594,4.802030587327427,4.650160513172736,35653.22011940064
96,EO+,0.583989179824829,0.3964921327804774,-0.28068534125757233,-0.17239890916760614,3.6431779607395716,3.5160525819054804,35653.22011940064
96,EO-,0.5927170778048543,0.5877995420419737,0.05899181121774659,0.14118361603898574,4.042724834726626,3.9743987415209485,35653.22011940064
97,EC,1.0920918834441538,1.1040935353691026,-1.3624574142377095,-1.5808937656070223,4.943126222934256,4.681602374155757,35967.91477356057
97,EO+,0.6791669290635481,0.5297195197068079,-0.42723487519658726,-0.3094885012282499,3.9569422399976952,4.039179210745319,35967.91477356057
97,EO-,0.5143017396164125,0.5597344837427524,0.008375289660732073,-0.04495503691053985,4.070748135339014,4.2723258769842225,35967.91477356057
98,EC,1.092828053527026,0.9055260528439595,-1.6391439193718376,-1.2906884477379243,4.384451779773237,4.601820995899763,35738.05706287442
98,EO+,0.5791331715779121,0.06109715026804218,-0.4702633872088224,-0.08452685288848621,3.9016837156237774,3.90659646638738,35738.05706287442
98,EO-,0.6068720445769489,0.47387930365971925,-0.06370415059321845,-0.0075122239623460485,3.844859659392352,4.103773560490577,35738.05706287442
99,EC,1.151174026716679,0.7519506513223939,-1.6253532856331452,-1.0660630121875219,4.068883907681701,3.953512205321381,35200.16571871669
99,EO+,0.7846254067873445,0.6407670513946471,-0.772664145107618,-0.6748530810099658,3.676795886046652,3.5599326514069904,35200.16571871669
99,EO-,0.46900671085829926,0.1784825919604872,0.047009359363730185,0.24682498202514608,3.81618644084146,3.412563335364756,35200.16571871669
100,EC,1.1801160955220042,1.1986904893128454,-1.7198457474474356,-2.1745062447784687,4.509732733426287,4.26899373369006,35607.397735499864
100,EO+,0.8031608796308667,0.7205687076116656,-0.7001676958309787,-0.8480469092570156,4.19878066630862,4.3536326307888285,35607.397735499864
100,EO-,0.3969501318796017,0.24024206597496855,0.09401101186804117,0.2809435437533956,3.546843582347045,3.2163081383688588,35607.397735499864
101,EC,1.0424763494040221,1.0549231957656182,-2.0726401191924433,-2.081085576636698,4.780312176064777,4.485218847238612,35487.682189214494
101,EO+,0.6237223243710163,0.42809523004347166,-0.7399065728132623,-0.3319892370850801,3.5138017183968713,3.697728146253965,35487.682189214494
101,EO-,0.33457901973077214,-0.027697566009233503,0.06185364575358527,0.27749230952853177,4.229989425517479,3.527856066883529,35487.682189214494
102,EC,0.9696451945754666,0.6754935841872637,-1.6624320442207403,-1.0818212614813034,4.353346522354363,4.241727887619108,35430.687359639116
102,EO+,0.8114018676442206,0.911428265027795,-0.6683546901840142,-1.1047826312166034,3.7429166166958923,4.2357910810581965,35430.687359639116
102,EO-,0.010748517717104559,0.35616001735960157,0.3844695738173288,0.3324938545276184,3.2204234056756227,3.13929301598398,35430.687359639116
103,EC,1.1687407328952841,1.0335217856319359,-1.6063548745496774,-1.070920403062985,4.3238795182254455,4.1533177720458445,35606.81401475817
103,EO+,0.7551847983152867,0.2826140765946016,-0.44445434751906737,-0.13570549025621587,3.4369205025622027,3.8076749750047263,35606.81401475817
103,EO-,0.4894684382476565,0.7118980404946826,0.018382035545304563,-0.2607814061758171,4.062876757821375,3.765949646405927,35606.81401475817
104,EC,1.055398069693997,1.131223956545551,-1.370936472954438,-1.441265371970161,4.122959974984477,4.323976786974949,35871.67040282318
104,EO+,0.7017837167652216,0.7301341053680348,-0.4155536591296648,-0.36314316717985784,4.461288645913075,4.3858088954618015,35871.67040282318
104,EO-,0.542204552526349,0.06432956503633244,0.03458004779975735,0.5066672848988953,3.796974249431554,3.478960033362643,35871.67040282318
105,EC,1.0506839673171038,0.8941335547286612,-1.8132541966421956,-1.8103583625814215,4.482918187929229,4.602193733868344,35411.12166951363
105,EO+,0.7158944148432623,0.08235837695715685,-0.6044770084770212,0.039961179578255755,4.114583390890979,3.60505089207815,35411.12166951363
105,EO-,0.5672229516216253,0.3184805405554828,0.024097003200316824,0.1461278572005391,3.57720186494479,3.4375345159661297,35411.12166951363
106,EC,1.1146347270459376,0.9283339781533595,-1.531278108350349,-1.2924430470671109,4.81658665871619,4.196349275805882,35202.957838464274
106,EO+,0.7416884666229946,0.42844403532474207,-0.6056342177346709,-0.5802510683265375,3.7832349749330536,3.5715345111340513,35202.957838464274
106,EO-,0.6486190762804441,0.384126097256697,-0.2042305848634454,-0.07213361835809318,3.450575502039627,3.2907044305324433,35202.957838464274
107,EC,0.8976703079088508,0.9823268531977564,-1.3493700689249262,-1.2253261968006406,4.298677501503493,3.6878998813960555,35429.34034745615
107,EO+,0.9043041318299547,0.7506562662542726,-0.40928132507216747,-0.23894172590688623,3.321468237807865,3.5326453853914246,35429.34034745615
107,EO-,0.6115128297703937,0.656721452464811,-0.028065586733778482,-0.1987852851511985,3.7210283089284326,3.7074012966069123,35429.34034745615
108,EC,1.178088141265316,0.9908741676001203,-1.7680526183968974,-1.7329291513647418,4.126436905729684,3.9991611149475212,35457.212673603746
108,EO+,0.6125726896189143,0.31715074349597516,-0.3775225586429543,-0.08985401697228401,3.8454644383526695,3.657475894408573,35457.212673603746
108,EO-,0.6737671510360753,0.6108501071400831,0.017547096135590547,0.13934139691382857,3.5664943240824747,3.7369329430219227,35457.212673603746
109,EC,1.263658666684112,1.2076070154971226,-1.5997940849622259,-1.3127415299247631,4.012231531724827,3.921280927470212,35545.406364427625
109,EO+,0.7408592934967259,-0.8631269992976531,-0.37944689708398527,0.2949677741303349,3.919772469650926,3.676710202345763,35545.406364427625
109,EO-,0.7252346210586084,0.7700008506489522,-0.23390028431780988,-0.32530335416149525,3.6383635070701574,3.674557801632374,35545.406364427625
110,EC,1.1432932856709463,1.088225933497886,-1.7268333775033702,-1.7817006780625997,3.8874461171283308,4.2299689152159825,35316.974498054704
110,EO+,0.5121019215705233,0.5814593968329314,-0.3285438194719748,-0.2868480444246658,3.7380015303452567,3.5613038614204298,35316.974498054704
110,EO-,0.6332459659298785,0.5294076389279851,-0.002276659029775424,0.0026840906540248066,3.713189120082555,3.107387713428306,35316.974498054704
111,EC,1.0673224936436825,0.9190724595438329,-1.8287097266827899,-1.5427229209136433,4.332269032943388,4.311966263264434,35416.87589498507
111,EO+,0.7841862340181445,0.8473439678123144,-0.6080076574213207,-0.429337100649837,3.684867315917323,3.7842185885019557,35416.87589498507
111,EO-,0.41983531412794045,0.052659506186695244,0.024432914120399826,0.2877908085193095,3.746883653887142,3.1864268142083896,35416.87589498507
112,EC,1.1949195473097514,0.9511909025538976,-1.819884464580785,-1.4828546953399941,4.09989054895551,4.185887128918374,35404.37342396569
112,EO+,0.6054599363666935,0.1556251459698725,-0.37972816597182135,-0.06551956376974752,3.835451551002315,3.9687140149475812,35404.37342396569
112,EO-,0.32256434681385554,0.060779011933348115,0.16497902517417107,0.466196101263449,3.5530627608365055,3.0242564264712506,35404.37342396569
113,EC,1.0287763705777404,0.9913874071513037,-1.3918922383684513,-1.6084647604952196,4.580158629476297,4.714201317523832,35702.86846354827
113,EO+,0.6089739271585947,0.21666717386806456,-0.4843592363185854,-0.132513086257314,3.699900197598372,3.8857878395795904,35702.86846354827
113,EO-,0.34223428382540444,-0.27010113208756537,0.017531213449941064,0.1803717352202363,3.744253162697393,3.9482559393907035,35702.86846354827
114,EC,1.1488045550359451,1.1109436971100664,-1.553474319883249,-1.7689454779818612,4.686713349870929,4.945285255892834,35661.55158434021
114,EO+,0.8124715016883415,0.4154934818802018,-0.5025104704359815,-0.18039909852072178,3.6977968446263563,3.6893357827060247,35661.55158434021
114,EO-,0.1779311332362794,0.36424384110685026,0.190142088681533,0.018405581120211303,3.7338435386354316,3.615724156594869,35661.55158434021
115,EC,1.16747831471987,1.0835869943997283,-1.9843370427249196,-1.5474803097964691,4.005502969222652,4.08343490880539,35575.0522011932
115,EO+,0.43482988358513086,0.6165924307901735,-0.23045798593622782,-0.41718895679789436,3.9113510884295906,4.004944879799842,35575.0522011932
115,EO-,0.6836247891565969,0.40741170256929804,-0.06716494563006183,0.15412164645931412,3.663163814121869,3.6151226029186274,35575.0522011932
116,EC,1.192076478915023,1.0130507141053489,-1.8399269921957546,-1.423775569150699,4.072736319021672,4.115734195456362,35336.80542615214
116,EO+,0.2977027060644687,0.2962389796043121,-0.39972487027040093,-0.5497913248675002,3.9099556394782673,3.713361879205283,35336.80542615214
116,EO-,0.6685261052018668,0.40437600923709693,0.0896039181361764,0.2835445397114553,3.989997191757497,3.43327478944001,35336.80542615214
117,EC,1.160771664208319,1.1265149652914834,-2.1040614585928616,-2.3470074095465563,4.146870644413189,3.8385375462648934,35255.38293059956
117,EO+,0.7031078943002471,0.6156251726223683,-0.5621864351805006,-0.5545362682312834,3.668152824722295,3.377747108959825,35255.38293059956
117,EO-,0.4256688490262402,0.9011732066686007,0.10179272246997191,-0.39035738584674073,3.6822329958734583,3.442408519739282,35255.38293059956
118,EC,1.1324180635065157,1.0296798979826094,-1.766436882778308,-1.7363587651990617,4.3781950804273935,4.399533504775732,35386.24895639177
118,EO+,0.6957237175284703,0.47131591994288113,-0.702952057799316,-0.28804094439199823,3.83349773929704,3.5685147498751433,35386.24895639177
118,EO-,0.32839743100027696,0.5410438931533993,0.1919350173207316,0.07341039517673872,3.7382604632240377,3.2994520395249634,35386.24895639177
119,EC,1.0615510064432458,0.9450808306985223,-1.417748875514177,-1.3693268326800303,4.924007984953235,4.866533951747255,35623.678425013044
119,EO+,0.6714639540806401,0.5240416078021772,-0.3325997469893887,-0.1682372949064086,3.426017586443866,3.3346203922293127,35623.678425013044
119,EO-,0.6242257330834848,0.4566062108512914,0.1741632501038357,0.37176264967449807,4.183914110035594,3.5625144874994943,35623.678425013044
120,EC,1.0305331318472262,0.9040882024022955,-1.5944944165331756,-1.3639512191281211,4.478725793630463,4.455988354907019,35565.08883196447
120,EO+,0.7615636003720725,0.2191062703166119,-0.4981884332090245,-0.09817871789538413,3.94555330286049,3.6493713310799145,35565.08883196447
120,EO-,0.5625566468157733,0.6567838515609608,-0.08694418903238128,-0.2809804141682765,4.278231104916758,3.994594324340854,35565.08883196447
121,EC,1.0266411053680777,1.1661049884692973,-1.4855868350270116,-1.726284318399718,4.987076882521588,4.831250252940646,35781.17815444992
121,EO+,0.6880239146618037,0.16771550794784795,-0.40146932303403093,-0.13418620689252098,3.5733615481148897,3.6429408153513996,35781.17815444992
121,EO-,0.828532693375327,0.6902804157859341,0.06654403714233438,0.0324694289290598,3.759965866550276,3.895559385411455,35781.17815444992
122,EC,1.0978563799975336,0.983435753086515,-1.7493561997015354,-1.858342143672965,4.276746110353158,4.603735342385457,35459.85685711113
122,EO+,0.6699499038105194,0.1569043350692318,-0.4899709516293077,-0.20356499986039375,3.7033240529812965,3.481030573561623,35459.85685711113
122,EO-,0.7264178644067031,0.8951096594126705,-0.10876962993692882,-0.30875222724211954,3.715198321611887,3.4913903845867806,35459.85685711113
123,EC,1.0917069776611554,1.064953084049348,-1.643226722053989,-1.6248723631529114,4.226400701478965,3.9005103333614644,35377.16448735959
123,EO+,0.48344679843131877,0.1492001433596225,-0.4563561510241043,-0.16963684852888927,3.775326268965445,3.7076301370527247,35377.16448735959
123,EO-,0.47272322210756773,0.47704400872193253,0.2594527233309901,0.4397985209308789,3.648076933207986,3.29499993755799,35377.16448735959
124,EC,1.2689221878339438,1.140122808856869,-1.6986947093991724,-1.7461394173622335,4.078629529007479,3.8426616661005752,35332.1770574404
124,EO+,0.481017981459739,0.3846535887279726,-0.39942269561356547,-0.41437911693991003,3.5569572889488357,3.597989243077352,35332.1770574404
124,EO-,0.5342424253351554,0.43001884674927293,0.07005698405986623,0.16606426176030542,4.0692424725772876,3.523385793807079,35332.1770574404
125,EC,1.015885468580393,1.1397547577124172,-1.479878421499888,-1.7856079374332994,3.927454064801783,3.81995988136576,35438.46704404845
125,EO+,0.7982153734263466,0.6586779314089015,-0.488716877361952,-0.5928937844318861,3.3063856733445425,3.385387567280171,35438.46704404845
125,EO-,0.32210588694741654,0.05650794404773416,0.028870649226053778,0.16370138053579045,3.950888197694121,4.031978254129884,35438.46704404845
126,EC,0.9153018385577778,0.9128258347846789,-1.194797010012593,-1.1365866143628658,4.597476513562701,4.364845928658886,35481.31512970767
126,EO+,0.6860268119524222,0.660287552406182,-0.7262861404001401,-0.8547954575238327,3.5471021213446683,3.283292175211222,35481.31512970767
126,EO-,0.7395171009075374,0.8561854431727378,-0.1370400601744988,-0.3395664897399501,3.808442571077516,3.853277472825016,35481.31512970767
127,EC,0.9133398391818911,0.9076232575005629,-1.4634245788536575,-1.4931364600918628,4.19882490700603,4.70247341089212,35549.756600881345
127,EO+,0.5640095089596853,0.04156703017646552,-0.38039509639222696,-0.00830512660937005,3.864467654592457,3.6474903667551635,35549.756600881345
127,EO-,0.762388265326562,0.7263679188050416,-0.020497296285483798,-0.09807158248824366,3.557783475031248,3.493214451097722,35549.756600881345
128,EC,1.0145901941018618,0.9704600821148734,-1.3319215825050534,-1.2048885376515657,4.120246935357276,3.8432954665206043,35500.37762960673
128,EO+,0.7782152432299368,0.5084748753727008,-0.3197148969719103,0.04575166836156082,3.5163182458029274,3.5916778839858896,35500.37762960673
128,EO-,0.44454571344395816,0.34706285337496723,0.1305694381060595,0.22950832719895045,3.8344087280965424,3.6422160078626185,35500.37762960673
129,EC,1.0365258524367271,0.999189975017919,-1.27069931415053,-1.062168453622314,5.036008386260501,4.774246500856018,35623.48456447706
129,EO+,0.6034281972793786,0.3303460606817458,-0.4797933553965645,-0.1588630628766609,3.6966486439427313,3.449169197135692,35623.48456447706
129,EO-,0.45590750098486443,0.10899444930034677,-0.04609035742172231,0.11718665609614166,3.8874451081820314,3.889848706336954,35623.48456447706
130,EC,1.138226954556982,1.317516853637901,-1.351060816120523,-1.5799910278423166,4.494385190999707,4.375469726771913,35773.41108456944
130,EO+,0.6905432535732998,0.581244234813978,-0.10355893757827643,-0.05722885495225184,3.577314425378237,3.392610137477212,35773.41108456944
130,EO-,0.0702791812325763,0.28136713941262004,0.26910220941134017,0.227871610910241,3.798441592239786,3.921766312208309,35773.41108456944
131,EC,1.1442908642957927,1.145306965809577,-1.792642451516435,-1.4601075733190167,4.3642873184026305,4.236581863771185,35482.957317150394
131,EO+,0.4320298013310913,0.3289130630950977,-0.5028997366992269,-0.4281797140553415,4.120794826650578,3.608586516820523,35482.957317150394
131,EO-,0.09364216520932642,0.288406194977457,0.24452868980878015,0.16539191188761643,3.832073705749591,3.6647639801370615,35482.957317150394
132,EC,1.0411604205222993,1.0996411737365643,-1.832338880179252,-2.0429689437899192,4.330099630293588,3.560339648780431,35491.49051301502
132,EO+,0.7093114700584713,0.5221510246217995,-0.7253302658037707,-0.5734534246482507,3.868353282139395,3.7886898770440416,35491.49051301502
132,EO-,0.6669775033311307,0.4624592717581425,0.04737002740491617,0.23654574474690182,4.029381854086663,4.159159098642819,35491.49051301502
133,EC,1.0715777241797202,0.9619750583378335,-1.406814746546789,-1.3178515893461915,4.2811422528521765,4.089465841533275,35467.88911262635
133,EO+,0.6466570004755475,0.35021504200060594,-0.45617915529952124,-0.3938342051057048,3.97764605357614,3.903433773866257,35467.88911262635
133,EO-,0.19424717888785548,0.04716453401943596,0.1932597080334859,0.33630008414456525,3.7839588736457226,3.427481552218654,35467.88911262635
134,EC,0.9789889973705566,0.8430751870585851,-1.6362224083115104,-1.656577236880288,4.272185727711057,4.262620052544568,35609.079102259704
134,EO+,0.6475086235221483,0.6010061831575342,-0.47977588208731803,-0.2842545340398547,4.118330144282377,4.135821609812012,35609.079102259704
134,EO-,0.4449652834205776,0.44087116549267585,0.042062220486860674,0.13060435388129846,3.9007092909277405,3.7251006445286707,35609.079102259704
135,EC,1.0360357563363474,0.9127535063629428,-1.4324126154293295,-1.1792387501508772,4.236226645412179,4.03329696785237,35458.01054725462
135,EO+,0.7067895047280612,0.4875683734835943,-0.43940557229360855,-0.17079143880230604,3.9820634368708867,3.8642705949704337,35458.01054725462
135,EO-,0.27842146625788006,0.420460073088029,0.24576803720506418,0.3146807966896354,3.7800334546055985,3.356702742139893,35458.01054725462
136,EC,1.2839175171027217,1.2620957326587292,-1.8166260919671031,-2.15296557463887,4.245713922440463,4.12181763616767,35443.64415202737
136,EO+,0.45190766435408447,0.5334816256913609,-0.23247124121132734,-0.22995738148055125,3.4216038502879806,3.2412765537633623,35443.64415202737
136,EO-,0.4588040356983236,0.32113604167273857,0.15350033733757135,0.19698775498410015,3.8232875751159643,3.6782671029763545,35443.64415202737
137,EC,1.1708862298927338,0.9448538202630863,-1.669532520384255,-1.3927759723621906,3.8710107577410597,3.636882901302884,35075.68474164829
137,EO+,0.456129682361731,0.44373695300014016,-0.229427933697891,-0.17043920120372857,3.6844429888050936,3.591481291850722,35075.68474164829
137,EO-,0.4460555141403922,0.609825710702292,0.03524174130689846,-0.09044459950019287,3.528693200823763,3.093687628212206,35075.68474164829
138,EC,1.0952982844985015,1.059649032423543,-1.9065816164189067,-1.8711344310202507,4.113031551155436,3.721538779368455,35237.27044853436
138,EO+,0.3990214478087486,0.30243439711045117,-0.130861690240192,-0.05080748173435372,3.7190293011473865,3.508659196311447,35237.27044853436
138,EO-,0.766014386021287,0.7444786346497089,0.003272774030515547,0.13032478541022724,3.3507730779369624,3.242633902182861,35237.27044853436
139,EC,1.0817123706645617,1.0948602106013623,-1.375455600842075,-1.7017291337988985,4.294402451687904,4.241874162457028,35587.74793490923
139,EO+,0.6773638941271903,0.5466360160428507,-0.5484604037011523,-0.230575901699897,3.9306325269844478,3.746503606918372,35587.74793490923
139,EO-,0.44110977477201774,0.6107628598311747,0.045613750435131745,-0.013084271122564335,3.840687993253352,3.68665370268962,35587.74793490923
140,EC,1.0123297818296657,0.9422338371039432,-1.712082070513974,-1.6999031339709703,4.2694908421936795,3.8314954963758066,35388.13608031673
140,EO+,0.6759265494841227,0.5140027498054307,-0.5893399457631019,-0.581466919468431,3.7341845078983478,3.429565118930074,35388.13608031673
140,EO-,0.3113944672878926,-0.07822593644145892,0.24663678066784608,0.4017460780196191,3.975364203919873,3.9548809891644976,35388.13608031673
141,EC,0.9146631086283944,0.7194033948163745,-1.1947304549644455,-0.8075157933032826,4.762984531898278,4.862735552954472,35654.42910560018
141,EO+,0.7457108879806167,0.6326185778614586,-0.18923952938583682,-0.08824688215045638,3.883317955200829,3.411703696993402,35654.42910560018
141,EO-,0.25702390227247973,0.4916051664287695,0.18824482077851407,0.007967524878084144,3.8868101411855083,3.6893869598985147,35654.42910560018
142,EC,1.1385613576742097,1.114665748579214,-1.6002109794437491,-1.633294861106232,4.411244534917931,4.492604057554277,35524.54476993418
142,EO+,0.6485989580597555,0.40818570139370147,-0.40269572860622765,-0.24635273421700188,3.8348417795058456,3.5409483808764772,35524.54476993418
142,EO-,0.5152204941733091,0.4962203592408942,0.16450192284970205,0.32770444969776547,3.725547899211461,3.405667431945486,35524.54476993418
143,EC,1.0655398651197199,1.161500899670073,-1.769931776604029,-2.2169620727525983,4.342445784071696,3.6558721848125852,35236.00228627552
143,EO+,0.5606267006537127,0.5358017428112005,-0.43417535769309795,-0.22722649243483573,3.792820253440006,3.5338286225723516,35236.00228627552
143,EO-,0.5031965734069984,0.2734434673868581,0.11940704975272569,0.12392338951203505,3.5804586790662407,3.4435317144532513,35236.00228627552
144,EC,1.0940051120940444,0.9385316852267919,-1.6009285674207192,-1.438675584291182,4.420961455422666,4.461907461916161,35570.35768136048
144,EO+,0.8259888854317804,0.7918849365221277,-0.7912242198631252,-0.6644005858876096,3.709784117267162,3.457642769192546,35570.35768136048
144,EO-,0.38513306536586767,0.16649162747991586,-0.08856397204393666,0.058570969599537726,4.10919578893625,4.094384369319016,35570.35768136048
145,EC,1.1046172720965997,1.125584786692762,-1.8214546470276933,-1.7636916592184373,4.1663927960023255,4.445908651959513,35612.65943717491
145,EO+,0.9168748035367861,0.8776758727949793,-0.8240394363004221,-0.7689962173164229,3.6764444939722583,3.75068065221392,35612.65943717491
145,EO-,0.5957883348990911,0.7410900078626232,-0.20795611745705436,-0.3312891443941315,3.7011829924654016,3.489402796328279,35612.65943717491
146,EC,0.9974500652909235,0.9565646630031477,-1.5257189470863537,-1.3525953019325094,4.633151241733369,4.4275322634841245,35434.21561665444
146,EO+,0.6891014038007,0.26824353306438176,-0.48893346315025116,-0.1133587645110476,3.74926896346585,3.6209547256846757,35434.21561665444
146,EO-,0.5222615836257226,0.3066449250549974,0.10307885848698678,0.2546147480495324,3.85177965294289,3.3212494197756923,35434.21561665444
147,EC,0.9670756192738851,0.8518268764679602,-1.5706696380498426,-1.2282363173776718,4.562560901504897,5.126276429599876,35665.569922772316
147,EO+,0.6255353585989278,0.48612903523420314,-0.5737282338046796,-0.31332611313770775,3.8325187836026706,3.851278683427027,35665.569922772316
147,EO-,0.4537841461990482,0.34626528864791417,0.2054964389393006,0.2735314412187311,3.577375363551946,3.5357978148030105,35665.569922772316
148,EC,1.1968909646891404,1.1474289014655863,-1.6765379704482364,-1.4916827634287004,4.504797716785922,4.238670334537275,35536.24645507301
148,EO+,0.6117817916320335,0.5356537871943132,-0.5398990906285924,-0.2692924903120698,3.674549327204385,3.677444178321733,35536.24645507301
148,EO-,0.6269887179295629,0.3730958585360332,-0.03306384563764964,0.08885072997582227,3.7292899524281298,3.627081196068403,35536.24645507301
149,EC,1.0140810600995565,1.0962508689150505,-1.3656497841909119,-1.5480182087197996,4.313854927665996,4.479363832291696,35741.837470506835
149,EO+,0.952197504753574,0.7887962746190582,-0.6194297215794854,-0.2536400860135004,3.8941356345563087,3.586576103056215,35741.837470506835
149,EO-,0.5262532317007791,0.4152758889986319,-0.022592067471857373,0.25694958327853834,3.7662149383110757,3.708429498571789,35741.837470506835
150,EC,1.0681400618973123,0.7822470896944826,-1.385310480546059,-1.0022546443799567,4.261238134708563,3.8908197350444396,35330.7042001747
150,EO+,0.8098652389574474,1.059902664229547,-0.6740262823415865,-1.179637122558098,3.392492878703207,3.0293019664964755,35330.7042001747
150,EO-,0.3207468042195189,0.23162464825651669,0.10918520919288854,0.2298213933941553,4.247962695643927,3.969801586752772,35330.7042001747
151,EC,1.075875746453194,1.0393177724438942,-1.5185133373205566,-1.5773579509924658,4.743735621071915,4.833222560748167,35711.572147463616
151,EO+,0.6121371356770555,0.38387916002147315,-0.493190269246857,-0.3767646982425523,4.258964760270083,4.377283554629335,35711.572147463616
151,EO-,0.6428108273972877,0.6728839432853158,-0.09869479550701385,0.024390145478358344,3.385143545433795,3.1440316297213995,35711.572147463616
152,EC,0.9881089270027362,0.6539815564485282,-1.1962297107813944,-0.7807116740091831,4.23887171230535,4.450438969857689,35311.12051027508
152,EO+,0.9410474115756803,0.8291782528195633,-0.7312974990323173,-0.7227478927580613,3.6459673215567876,3.715273655993382,35311.12051027508
152,EO-,0.4794930048483924,0.3386903201169802,-0.10151234875446594,-0.04198896258252664,3.6839328112854397,3.0007790062708026,35311.12051027508
153,EC,1.2974475499529148,1.192691150423221,-1.8815806980541951,-1.6646854305937264,3.986902043191025,4.058415601543217,35766.553113673326
153,EO+,0.7205599745614611,0.6517912130356998,-0.4996791568815392,-0.28241409026612324,4.072988098104198,3.807747445779947,35766.553113673326
153,EO-,0.3723979032373515,0.09462734693132965,0.13630638388777688,0.31500767097378357,4.167906000941232,4.009052202172467,35766.553113673326
154,EC,1.156537136817875,1.1513871130569742,-1.895895058125091,-1.7912284464371278,3.9159596740397133,3.8810522719715816,35531.64842224993
154,EO+,0.5771485337534618,0.4655789816251322,-0.415049351132152,-0.13804795531080877,3.9517795089020487,3.406225500513658,35531.64842224993
154,EO-,0.6705937029015699,0.501627961534278,-0.24729135611408581,-0.09398043890349028,4.088260075280731,4.0225841126921065,35531.64842224993
155,EC,1.20085320278931,1.1563824199446575,-1.7768102091813192,-1.5689664525515084,4.4423624308923495,4.48288707038199,35624.78321363506
155,EO+,0.5734672777255652,0.1790104868778677,-0.589438404108927,-0.20791166633778754,3.999452278911265,4.141208725918103,35624.78321363506
155,EO-,0.6996358320449877,0.7010184160773555,-0.023810878278887275,-0.02698738329626188,3.736778570279496,3.2299030604257917,35624.78321363506
156,EC,1.1078908894353556,1.089764809050073,-1.6433760090164058,-1.5942761311008573,4.232923096603283,3.776544942193282,35157.02307650179
156,EO+,0.661575133011573,0.4636248276245263,-0.5483391256380427,-0.3787496309456566,3.5050205095541056,3.2237530563053127,35157.02307650179
156,EO-,0.47306674701412327,0.33700566050259084,0.0006515198312081177,0.1377809667390012,3.7491047688038095,3.3873210151701256,35157.02307650179
157,EC,1.087597455167073,0.8621100094744727,-1.5970388972198948,-1.4471281121664599,4.270426941961088,4.557389729959802,35663.59992370603
157,EO+,0.7230954800609937,0.3074632337495044,-0.4287671093452889,-0.15199661855630608,3.993798935908562,3.7116437823901283,35663.59992370603
157,EO-,0.4176086301624952,0.36763174504470564,0.06370170200266724,0.11734967597718726,4.351231374347934,4.1547688170944435,35663.59992370603
158,EC,1.078375347275994,1.069485076347453,-1.8404482429716962,-2.0028472167193865,4.338508300709788,4.240146319547751,35473.20813963955
158,EO+,0.9131354981833715,0.5220410605967987,-0.7067944255710282,-0.2951110680146244,3.919728831383691,3.9739171407603204,35473.20813963955
158,EO-,0.5270321075702477,-0.007224730119674203,0.019625011911323223,0.45319092967770636,3.6514004798757735,3.157919951644309,35473.20813963955
159,EC,0.7972157693305192,0.5922508556513133,-1.1662343567835791,-0.9144497248254837,4.316041341551407,4.174652848894061,35309.34297563106
159,EO+,0.6182954619139502,0.5021290323151846,-0.5007456569425541,-0.29796325207014673,3.800259274060412,3.486835636264607,35309.34297563106
159,EO-,0.52351820688524,0.31234528656606253,-0.11098405607038929,-0.03988271578998161,3.7748075095178892,3.7873690501636403,35309.34297563106
160,EC,1.127672870204949,1.1147570694093685,-1.5857534873916956,-1.905740474592469,4.3194821978348115,4.153067309242503,35230.3188567695
160,EO+,0.8240950766951882,0.8023214836040742,-0.7379561790610836,-0.8781563351935817,3.4781971998562535,3.219927579054855,35230.3188567695
160,EO-,0.31919556265639953,0.2227416905931019,0.3424607803208618,0.34177175946523186,3.537336325411724,3.2057746605120276,35230.3188567695
161,EC,1.1261156060777784,1.1975079845232617,-1.6510673488127499,-1.5119960437275275,4.45134540637981,4.195118502396362,35565.06944553601
161,EO+,0.8357506191606388,0.6007382900030211,-0.6989701771130471,-0.49169965177347535,3.9957018326618354,3.86531078405916,35565.06944553601
161,EO-,0.39489115653061974,0.2013889198143474,0.02907802608744343,0.07695110607988921,3.9087662729298875,3.758737672010489,35565.06944553601
162,EC,0.952226519434588,0.9381961910596954,-1.4117478344308334,-1.2227153200314576,4.9120658177953045,4.435711574879624,35593.07448652436
162,EO+,0.7666744889090367,0.6422516182726175,-0.48913650912306744,-0.5655122160089079,3.639011387550223,3.753457805061041,35593.07448652436
162,EO-,0.49183228099658627,0.4349455522134402,-0.023909453160227377,0.042938537371379475,3.8283988925502506,3.910087347821908,35593.07448652436
163,EC,1.1028513614863105,1.037241375038051,-1.7800368358401744,-1.9578608509240483,4.465231954505614,4.2656278280186175,35718.5195462012
163,EO+,0.649532268613844,0.7959551521172219,-0.7897937584550778,-1.0289286789973215,4.086547487533175,4.280654122907563,35718.5195462012
163,EO-,0.3672883041988137,-0.12135003450140913,0.16162848153347584,0.3901468101880852,3.954136879853813,3.7833923640876552,35718.5195462012
164,EC,1.1442244500324814,0.7601608479475027,-1.348715543076475,-0.8538314146803945,4.2452375655977015,4.165737741910713,35395.55414919475
164,EO+,0.58631117592662,0.6365081825028025,-0.5710905480135402,-0.38644317214564633,3.8579873432896346,3.173201248104767,35395.55414919475
164,EO-,0.33633975545655825,-0.0700877687692671,0.36477956290154023,0.28415522940792903,3.6621534231372674,3.715385918662931,35395.55414919475
165,EC,1.2038108666187803,1.1091680204630148,-1.6828215045878292,-1.3733035922211443,4.210526341165006,3.9892497398513482,35511.90170305952
165,EO+,0.5954626211042134,0.6420592420941077,-0.3416352471914917,-0.18419984096993713,3.822728916370484,3.7338557085696644,35511.90170305952
165,EO-,0.5620696622663403,0.5596880968745872,0.10308810090752349,0.12328497404444265,3.867205171414594,3.4532949464537537,35511.90170305952
166,EC,1.0136677731202073,0.7918853128449006,-1.5043417391032636,-1.140131068943853,4.4467313100341235,4.749527489456462,35427.480378988184
166,EO+,0.7429620489007303,0.7781788416189921,-0.705434905853967,-0.9157101211483424,3.570981230223863,3.2776940071375718,35427.480378988184
166,EO-,0.2774174431388684,0.2593766206554091,0.25503474110589847,0.300596357838782,3.7345433510400805,3.5438666077751986,35427.480378988184
167,EC,0.994286923837582,0.9567324876541585,-1.7406703533254249,-1.822364281092305,3.9817336389216607,3.731458851332818,35303.52980575149
167,EO+,0.9271512602510004,0.844965215317512,-0.8341995917353944,-0.6829998013554494,4.3836435461478755,4.08498951523673,35303.52980575149
167,EO-,0.37664891484053264,0.17107334066386862,0.24506697208658443,0.2313294024686683,3.4083613127019636,3.26865824698466,35303.52980575149
168,EC,1.052668997239338,0.6346103168123474,-1.6869167713191173,-1.291267823449752,4.463500944009263,4.660964636549135,35490.05690712433
168,EO+,0.7427057135338816,0.3886307166721975,-0.21636199358872285,0.04405986788823042,3.6504036657175476,3.69601141632852,35490.05690712433
168,EO-,0.3513043002260777,0.41458154978685546,0.2011492947903,0.16880988515529174,3.6124334658391417,3.4884744567036563,35490.05690712433
169,EC,1.1223582156032719,0.8811640860560439,-1.7164032895170456,-1.4154438709643453,4.8417782243302945,5.135814410726425,35805.04742088092
169,EO+,0.6732248110886528,0.8744844140116462,-0.7266495959998011,-0.9055450202545761,3.907987471442523,3.8911750342984384,35805.04742088092
169,EO-,0.48393460694336404,0.6875300524768816,0.028951103788373667,-0.05765041770338228,4.006969211734245,3.7461266530758603,35805.04742088092
170,EC,1.031706445533139,1.0032443206715982,-1.7929967935217137,-1.714539435178316,4.6154932390996715,4.900499194286328,35590.95971065606
170,EO+,0.4769100820156728,0.41360284033161676,-0.4423523083571056,-0.045184588268211416,3.8090327664698296,3.5359586192247967,35590.95971065606
170,EO-,0.5789126218883467,0.46523040671767524,0.05303616910859146,0.10151413664857367,3.4320748837302,3.560926655372288,35590.95971065606
171,EC,1.0720186745928473,1.1225654289032312,-1.1653158811141842,-1.4466399298689323,4.312375820635322,4.284817780036621,35228.87227934513
171,EO+,0.392895905442678,0.41193606515629566,-0.26088575586518364,-0.04563527823483503,3.555571548958509,3.1741220371466023,35228.87227934513
171,EO-,0.49887600559955714,0.45508352560544607,0.09535925839435501,0.20583418295346262,3.633083122157589,2.9547977018423106,35228.87227934513
172,EC,1.2361663254915238,1.1702300897810893,-1.9204707384729722,-1.8949345701792568,3.9037521034258886,3.6819719988589634,35482.879855066305
172,EO+,0.5522687475415432,0.6689089466499363,-0.3044537769038079,-0.5298616620012423,3.822434003922266,3.8168048464449518,35482.879855066305
172,EO-,0.38424977358678775,0.6216683676372576,0.04555954766686553,-0.38188880784705626,3.968093438051231,3.8182060036240886,35482.879855066305
173,EC,0.9620000561582988,1.0141830050363607,-1.6971707971816434,-1.865421181842829,4.438332971935912,4.238819686934981,35362.45382762036
173,EO+,0.7181736112879277,-0.01306361669429964,-0.20709653141290835,0.152913475486748,3.592543062155601,3.45201323044365,35362.45382762036
173,EO-,0.7328481072149313,0.5680204048639492,-0.2880948017396077,-0.05581891931433737,3.750420819130844,3.491370608088973,35362.45382762036
174,EC,1.1211466068049365,0.8566458715393042,-1.5191232343278196,-1.224110109973287,4.267916929038451,4.506991081790581,35559.67347670331
174,EO+,0.6267446763482026,0.6811622716295453,-0.6511411279796903,-0.9027060797227844,3.9495182056305467,3.537640927373242,35559.67347670331
174,EO-,0.5916534043702055,0.4368751325146237,0.05489579323948127,0.11110365519947474,3.77188056302117,4.063464271200396,35559.67347670331
175,EC,1.0787290433925714,1.0115802004756642,-1.362432039249654,-1.5087456092593876,4.446479210429251,4.4057479400073465,35340.07355901623
175,EO+,0.6795826474719308,0.5643212010743581,-0.35968496525841065,-0.2270414797898761,3.6112199293479628,3.292971660196809,35340.07355901623
175,EO-,0.4383672268062089,0.6831424342043614,0.16742125060216767,-0.13519035556250145,3.471269687873708,3.294063838785119,35340.07355901623
176,EC,1.2064357187275216,1.041417967973075,-1.7278849373613885,-1.6106166871725403,4.392397505794689,4.372769956054043,35285.174567625036
176,EO+,0.5533851728640149,0.397952107055364,-0.4288617181297588,-0.31203676486658705,3.3663397362309957,3.418536824434792,35285.174567625036
176,EO-,0.5200698412084339,0.5568619665361763,0.15453750423711,0.2676110950823787,3.540102796394421,3.03843319252287,35285.174567625036
177,EC,1.1153201370441579,1.0349639326671891,-1.6345656755520834,-1.3987270997143393,4.407233473460157,4.124385926709136,35520.96045571664
177,EO+,0.5611660486878417,0.5418317115126152,-0.797760571655401,-0.7121880464861294,4.0068014730696415,3.896392843491613,35520.96045571664
177,EO-,0.4547094657752901,0.031860690931287676,0.02706524356794835,0.3237631383943464,4.080181258432161,3.6571004673431355,35520.96045571664
178,EC,0.984735517492174,0.8928766016810719,-1.459742654258665,-1.388997417729271,4.315019367308265,3.9144243271247245,35285.70168306631
178,EO+,0.8006956462464134,0.3165094074206251,-0.6440840209525824,-0.4081894705097244,3.7515803074163183,3.6052998262263776,35285.70168306631
178,EO-,0.6645502765224311,0.6406565652326419,-0.012923030333825124,-0.087888697014605,3.77896979311295,3.66816892769245,35285.70168306631
179,EC,1.162300765706639,1.2153600515301046,-1.9761725369913248,-1.8925069589526702,3.975269421390207,4.647644993746184,35649.51416888609
179,EO+,0.46522504190667907,-0.4440590572633667,-0.45192580848255876,0.1777719372495528,4.0528097901066875,3.8462001278291957,35649.51416888609
179,EO-,0.6590744249710027,0.777257770458204,-0.08618286543749072,-0.2896488588144088,3.8620161488056333,3.3635622503007934,35649.51416888609
180,EC,1.1544171527290032,1.1380516213540668,-1.8085048375692307,-1.7783651519469126,4.116394440102216,3.996266221331056,35465.16320989352
180,EO+,0.4151472015739216,0.26840308370163257,-0.38994509641382935,-0.2580633334120418,4.192435089051347,3.8811283573067588,35465.16320989352
180,EO-,0.4478160749947001,0.28883597901111346,0.0763736712776762,0.08340125480086871,3.753507392279733,3.66902623424799,35465.16320989352
181,EC,1.0703993457505003,1.1089091813903238,-1.6109558542484872,-1.5096702506835808,4.605977060843211,4.367838094347878,35484.62572411369
181,EO+,0.5335911240838895,0.33682553484903616,-0.41558074059509015,-0.43900243071388223,3.7976581482260183,3.8738979499158743,35484.62572411369
181,EO-,0.5396008596298109,0.6344574379659824,0.0971034303054783,-0.03878506407198165,3.407238398922598,3.3545983406848867,35484.62572411369
182,EC,0.9821080703996439,1.0029639331653746,-1.3951041653807577,-1.530400624151313,4.206870945366815,4.325148178818893,35511.84974939929
182,EO+,0.6639037070810717,0.4396702449363991,-0.3213030800220927,-0.0581193630394958,3.414687651545615,3.358533088568403,35511.84974939929
182,EO-,0.27465890053131614,-0.030022215364752174,0.1490385265435583,0.379898376005507,4.064886710131562,3.673990588060348,35511.84974939929
183,EC,1.2286792970880407,1.3053510273573883,-1.56544246980844,-1.773772597427393,4.1760989305755505,3.936133997836155,35495.68209158322
183,EO+,0.650666000857791,0.6127430165793403,-0.3134998265488551,-0.29778107097338125,3.600690860819858,3.7208147295317664,35495.68209158322
183,EO-,0.564145457703855,0.5177551662413387,0.25119412890952136,0.33933844726518214,3.6808221607740985,3.139479041373803,35495.68209158322
184,EC,1.0037420263092212,1.040896184076833,-1.6310794701252276,-1.7659143214296154,4.421868224035718,4.5335636291848935,35976.85857067525
184,EO+,0.7218480219306619,0.633343223260304,-0.31231006376208686,-0.0645401624151021,4.177331017645344,3.9109068927130295,35976.85857067525
184,EO-,0.37650034219320994,0.30368942620913664,0.1673466518218449,0.26739507608007523,4.289931487819439,4.477736210745837,35976.85857067525
185,EC,0.9921133830373399,0.8493798979780671,-1.1616050683129833,-0.9612101375232678,4.292647997991925,4.814870934287442,35521.35404660421
185,EO+,0.7946663179750122,0.7167499678046879,-0.6456394014239127,-0.6931967899066901,3.397344878028604,3.3678028318429614,35521.35404660421
185,EO-,0.5964438416736342,0.3546805678624739,-0.14797712498341187,0.18337776740419748,4.154173125431568,3.5084389758325814,35521.35404660421
186,EC,1.154509862302126,1.2922459259466188,-1.5399864282387812,-1.917702090833183,4.2759788175954485,3.927579123325437,35466.15493849072
186,EO+,0.49336643584157147,0.6718284689421955,-0.46574073527316767,-0.7383142203722357,4.07080023505322,4.0392296933249385,35466.15493849072
186,EO-,0.7292386460286286,0.4269984426048826,0.028268021525857244,0.15072618563385262,3.461653478870813,3.1503811719300403,35466.15493849072
187,EC,0.9184561511206545,1.1435619689888927,-0.9699893533779169,-1.0376522530916499,4.600679025558657,4.037850070023197,35564.57336013601
187,EO+,0.4161366367775006,0.533214294841097,-0.21092432311127096,-0.25801438324094966,3.8548415092799875,3.5848733775508896,35564.57336013601
187,EO-,0.45581915373577025,0.16050581685711646,0.19226446058809663,0.2478973580592048,3.6128329453808217,3.682494914051932,35564.57336013601
188,EC,1.037843559664542,0.9511500961389665,-1.2150174212116795,-1.088336674593156,4.06965069001009,3.714491999969819,35309.4601087147
188,EO+,0.5264540982767133,0.2281803790556198,-0.47273252575975494,-0.17549590076811555,3.385399246185207,3.5213251448960117,35309.4601087147
188,EO-,0.15866399908343082,0.3166576878328182,0.253455845851842,0.12664145808353644,3.7999859168027497,3.6624414024870315,35309.4601087147
189,EC,1.122766896925212,1.1731705511416006,-1.6985110556743912,-1.7318861175649922,4.21450669982506,3.86888962200542,35546.31864856981
189,EO+,0.5596634826653449,0.7364413368551552,-0.16798895937802252,-0.18828642318168934,3.6503807994134694,3.3389091032626133,35546.31864856981
189,EO-,0.4545919150082501,0.6393377541176496,0.10112838655667043,-0.06594914854649167,3.6615222604333835,3.8955998073118083,35546.31864856981
190,EC,1.1611279880313066,1.111544912528566,-1.6183299516972751,-1.5840528536450853,4.221988691752119,4.011765752453172,35553.42079915448
190,EO+,0.5460862823109339,0.3982088150190898,-0.4475190438768737,-0.2016423768604912,3.9712503888653288,3.8585537907743235,35553.42079915448
190,EO-,0.43070104467742637,0.2810511584461646,0.1239747161388464,0.1762957489251351,3.6988093841183223,3.7784396818741453,35553.42079915448
191,EC,0.9867573816787905,0.8236248031548641,-1.641651283358608,-1.6707603025769202,4.669590981689962,4.3241165144556,35079.50265473197
191,EO+,0.5390575722278899,0.45916408364755,-0.16133447783888047,-0.15514163565709405,3.4832090180836097,3.0311189256921445,35079.50265473197
191,EO-,0.7471273299194231,0.3434159750437328,-0.20972142703525334,0.1806886498441697,3.805742608631923,3.250730338463144,35079.50265473197
192,EC,1.2529462794219135,1.3401113319628397,-1.7813277807933339,-1.8314668592610839,4.608526795232402,4.315811594667853,35755.643572006535
192,EO+,0.43439799706395255,0.5062497771355191,-0.2152782742954749,-0.44762632763956667,3.76998930389994,3.653067898186282,35755.643572006535
192,EO-,0.5787441231243421,0.4761555864599164,0.09961620640678111,0.11136084929092283,3.9720090609729892,3.9675236742072086,35755.643572006535
193,EC,0.9894396742757791,1.0134507608851933,-1.3609432178254879,-1.5915013375149756,3.823485133247584,3.722893899721993,35047.07968132048
193,EO+,0.7581293383538832,0.568004952760423,-0.8088735655966214,-0.527851872100386,3.730886971980301,3.1438527465950585,35047.07968132048
193,EO-,0.25930910348654607,0.14707971192667818,0.21722554502017663,0.5614136694565988,3.748640919680247,2.9068676434833605,35047.07968132048
194,EC,1.1751431861036397,1.1747217724254513,-1.7689533469905385,-1.4142759304783132,4.598476388261959,4.196977018703874,35657.107134831735
194,EO+,0.8094280150628929,0.8586664976854005,-0.47050201927923446,-0.5938008651930873,3.83050075061784,3.7848567097050703,35657.107134831735
194,EO-,0.20667554657790857,0.05410029135451462,0.054398029427084195,0.14902740709087736,3.7130647622874378,3.689932119955994,35657.107134831735
195,EC,1.15543304414392,1.084337800801411,-1.8326329612347552,-1.879661717346341,4.659961697478252,4.619912886085425,35595.66058184809
195,EO+,0.7197790284369288,0.816820251303029,-0.6027747844407674,-0.7309462545960164,3.7297428726355317,3.738467181348782,35595.66058184809
195,EO-,0.5627960317212423,0.2712673854777207,-0.11016192509957186,0.2841613347153599,3.6473253269420463,3.498692026108935,35595.66058184809
196,EC,1.136677278982486,1.125843098077896,-1.567419156233197,-1.4015207798099811,4.403642926606014,4.703401977752897,35876.195073977084
196,EO+,0.5849982809022233,0.36491790292728,-0.21880078096446254,-0.07300471436199357,3.873088448010881,4.239314896628035,35876.195073977084
196,EO-,0.6860868704532406,-0.0853495769489083,-0.19583017982900544,0.32944386974290596,3.974127288054248,3.498727743405559,35876.195073977084
197,EC,0.8345551915688908,0.4068899948760345,-1.4183372777578973,-1.1028545600523962,4.387028490875769,4.458186995924033,35424.79488517249
197,EO+,0.5082920574719177,0.5542673602502072,-0.36203200386700796,-0.30775589685372506,4.039006796457056,3.8970556441149427,35424.79488517249
197,EO-,0.4110878848013086,0.6476609757557206,0.05784908164665744,-0.23136709415488346,3.9055013372005596,3.615967709775915,35424.79488517249
198,EC,1.0583453129873066,0.9176129925060692,-1.3792683440055529,-0.9488720230713088,4.317539637837164,4.028008429414862,35446.89208389186
198,EO+,0.71116327853722,0.28322103654501796,-0.7428918221716442,-0.324468375691815,3.8922723603992258,3.848260966722307,35446.89208389186
198,EO-,0.5540827921843728,0.321479128185304,-0.023416702731955917,0.2586204157155676,3.8771819774489202,3.4625020740032557,35446.89208389186
199,EC,1.1853747430342072,1.1483646876957434,-1.5691361477327797,-1.5412553309393542,4.697976395502962,4.196556304356768,35668.43014064502
199,EO+,0.7057535690597025,-0.06512336667976762,-0.31936943016844965,0.31643935742300566,4.050866977988791,3.8701522295237574,35668.43014064502
199,EO-,0.24666316181320236,-0.11423858459298218,0.1441992480063929,0.19935647080659125,3.6918436998624076,3.516422033606325,35668.43014064502
