sim,group,true_beta_state,rec_beta_state,true_beta_obs,rec_beta_obs,true_r_sensory_base,rec_r_obs_base,waic
0,EC,1.2079982680624888,0.9968161050041455,-1.6520010791345958,-0.6841892923252286,1.5506177089423798,5.473829463359298,35493.083281592255
0,EO+,0.7065737922848941,0.6895772923240977,-0.47071234118373756,-0.4535730795358782,2.0032162245216885,5.387752535775469,35493.083281592255
0,EO-,0.299995183507035,-0.09859740695558472,0.01356902245522862,0.2312001041919764,2.0746228203629933,5.542032584569891,35493.083281592255
1,EC,1.0888493048841958,1.1594896902727707,-1.7666556676026999,-1.2686846542813437,1.5506177089423798,5.57112127798072,35252.764841032236
1,EO+,0.8158937028351086,0.1317587056329989,-0.43482030552323364,0.046429753471295514,2.0032162245216885,4.708844668774136,35252.764841032236
1,EO-,0.5077621576046847,0.6156361665702039,-0.06983814547709068,-0.12646328914922877,2.0746228203629933,5.753341939177545,35252.764841032236
2,EC,0.9188596689332709,0.9176917435780272,-1.1364007270698828,-0.8286526250892694,1.5506177089423798,5.532097610880236,35342.14591284778
2,EO+,0.5496140843960329,0.47002004491922894,-0.6327463684063082,-0.3810347945503486,2.0032162245216885,5.61870317766196,35342.14591284778
2,EO-,0.5378123273631404,0.12703603993502172,-0.05294121761932771,-0.0016058311202403635,2.0746228203629933,5.427802439824765,35342.14591284778
3,EC,1.0762250380032057,0.964303292763945,-1.422391078063164,-0.8598653925048425,1.5506177089423798,5.193539967788251,35381.6806656508
3,EO+,0.721826829291185,0.39902471704084364,-0.499868523072047,-0.0893688373275621,2.0032162245216885,5.162396791119071,35381.6806656508
3,EO-,0.41456882224714814,-0.6530053733385266,-0.052890868167189936,0.2977920811033097,2.0746228203629933,5.570243600236715,35381.6806656508
4,EC,1.0869406581655618,1.2081811705883736,-1.5921757345746632,-1.3494369816174752,1.5506177089423798,6.0586428589271915,35545.15056552902
4,EO+,0.8553910712211747,0.6517999471723475,-0.6371354145714024,-0.3469126924323625,2.0032162245216885,5.595015327860859,35545.15056552902
4,EO-,0.58923542425269,-0.4270643722888325,-0.16626448217273548,0.20798901694673597,2.0746228203629933,5.180009755731671,35545.15056552902
5,EC,1.08592206296917,1.280702752487866,-1.3133673719216197,-1.202184344721786,1.5506177089423798,6.464228474829638,35782.19451072873
5,EO+,0.667303013927905,0.5834125868981069,-0.42221792061944224,-0.18638331875152356,2.0032162245216885,5.262767876203329,35782.19451072873
5,EO-,0.5109676240837646,0.598557784170458,0.04408999668070993,-0.1403927949393349,2.0746228203629933,5.563911268596003,35782.19451072873
6,EC,1.0534582402270343,1.0153180785674294,-1.6121960649468174,-1.0132855252538282,1.5506177089423798,5.9251331442654065,35730.18565656379
6,EO+,0.5953021477415967,0.7369171463798203,-0.3320323927365203,-0.40344661239164775,2.0032162245216885,5.808733821252478,35730.18565656379
6,EO-,0.7341130424070339,-0.49225776538444166,-0.08176689499652486,0.4850592384702946,2.0746228203629933,5.054855742205312,35730.18565656379
7,EC,1.0141860237559546,0.8968511499341194,-1.5131739012317913,-0.9303377530345103,1.5506177089423798,5.617211373697414,35404.704141304894
7,EO+,0.6314861243550558,0.48398361363514997,-0.4409819303693963,-0.2931286196109637,2.0032162245216885,5.4484283836866965,35404.704141304894
7,EO-,0.48203891292087914,-0.1127267211293359,0.12524797413949437,0.21584118310495026,2.0746228203629933,5.484859292671463,35404.704141304894
8,EC,1.0656161579165473,1.159276278655262,-1.4343739210579032,-0.771314673789453,1.5506177089423798,5.15947925514944,35695.83513022422
8,EO+,0.6061095075351162,0.5670949633776301,-0.32801685097772487,-0.12916990796108516,2.0032162245216885,5.762112354256799,35695.83513022422
8,EO-,0.4221144188049875,-0.4075508910085589,0.03812341481612863,0.3081288261170107,2.0746228203629933,5.476838451723301,35695.83513022422
9,EC,1.1314487644811504,1.2229635473129163,-1.7014214559712797,-1.5297933501509542,1.5506177089423798,6.312704680055118,35835.428328522714
9,EO+,0.8192329980680393,0.8066583344485054,-0.7425214168615469,-0.44316920883402044,2.0032162245216885,5.846088534325814,35835.428328522714
9,EO-,0.5986273804764535,0.8457659880621572,-0.07421177513537212,-0.31487740083226634,2.0746228203629933,5.642728394811233,35835.428328522714
10,EC,1.1497255969676234,1.2457311875603727,-1.6373984881688715,-1.1117929494117953,1.5506177089423798,5.587378284599469,35542.63657127786
10,EO+,0.849346202132362,0.6164084193057924,-0.6620271434368269,-0.1712084837382093,2.0032162245216885,5.311416963118791,35542.63657127786
10,EO-,0.2596525138256838,0.2505584882358492,0.12667364105004983,0.08722998589154146,2.0746228203629933,5.566560718645643,35542.63657127786
11,EC,0.9269238771525655,1.1786884675774554,-1.474216598984363,-1.16205103462636,1.5506177089423798,6.333379335271481,35778.89527028884
11,EO+,0.7052539546136268,0.49252325373861516,-0.3865126453322395,-0.145799948732999,2.0032162245216885,5.452795522918075,35778.89527028884
11,EO-,0.23163820005729277,-0.2322719627866256,0.25703333579452803,0.28947638524698094,2.0746228203629933,5.539143997912868,35778.89527028884
12,EC,1.0674777585945305,1.0635763611617037,-1.835788125912956,-1.2644411929387118,1.5506177089423798,6.023658820386704,35481.18349344625
12,EO+,0.7273026296205035,0.29116189459732283,-0.6547026426523486,-0.3192011347774616,2.0032162245216885,5.538639431327555,35481.18349344625
12,EO-,0.5071935241984001,-0.3091257839754906,0.25475981172218115,0.4466346481066762,2.0746228203629933,5.0422977822487764,35481.18349344625
13,EC,1.0032521408076953,1.0887377025275953,-1.2258309680893003,-0.789897415688437,1.5506177089423798,5.5086768479873465,35442.99995996747
13,EO+,0.6324046133102523,0.44428172049917203,-0.6750571585559557,-0.4096546862529826,2.0032162245216885,5.420591677834066,35442.99995996747
13,EO-,0.48033184710916976,-0.48498723526937004,0.12388066627917459,0.36399547607353344,2.0746228203629933,5.219272199297048,35442.99995996747
14,EC,1.2811068226040583,0.9623401177738029,-1.6866475634760874,-0.6762238971564197,1.5506177089423798,5.498701492764561,35618.7612644483
14,EO+,0.7269646921006778,0.6807470117265069,-0.5198816834929324,-0.5135310024597814,2.0032162245216885,5.622731941585082,35618.7612644483
14,EO-,0.3442370668725816,-0.13163597078218522,0.1682258953423511,0.22544219374105606,2.0746228203629933,5.823730294352089,35618.7612644483
15,EC,1.1380037319253775,1.345063782080524,-1.6814815031764077,-1.4382296021158907,1.5506177089423798,6.17012984633482,35648.677695093895
15,EO+,0.8566120185020305,0.6410050163333636,-0.7211052643921585,-0.4002778806673858,2.0032162245216885,5.192325659397197,35648.677695093895
15,EO-,0.3478361492381276,-0.08514340621079002,-0.07045129862945015,0.15030518602374895,2.0746228203629933,5.724103057129415,35648.677695093895
16,EC,0.9877004859663624,1.1347462993292625,-1.478468304910784,-0.9097424657472688,1.5506177089423798,5.34427471593435,35245.07354880745
16,EO+,0.5190172883807429,0.3964807394827952,-0.5225639974128687,-0.33135274471759113,2.0032162245216885,5.254822451460743,35245.07354880745
16,EO-,0.41549651516657055,0.6881962931976456,0.02487424047003913,-0.1825076602952816,2.0746228203629933,5.094958001039836,35245.07354880745
17,EC,1.0535691699782521,0.8948522240304395,-1.761428687661026,-1.0042963649824226,1.5506177089423798,5.6786593690196145,35617.92013748123
17,EO+,0.6134069989024898,0.5171174804969438,-0.2244621912653934,-0.07319492936191811,2.0032162245216885,5.101156069916063,35617.92013748123
17,EO-,0.4120335409545971,0.8556133046275208,0.07157775075917353,-0.3006483177860093,2.0746228203629933,6.437328595222304,35617.92013748123
18,EC,1.0791913382413496,1.1804938045160445,-1.6604054707045324,-1.3068733119482698,1.5506177089423798,5.965219931121237,35420.42321689618
18,EO+,0.6889981605226757,0.06929721486058238,-0.4278142322217566,-0.20018495108033035,2.0032162245216885,5.486629409664312,35420.42321689618
18,EO-,0.7018336982967982,0.764568509610465,-0.13553123339992487,-0.11184983548572107,2.0746228203629933,5.164584703750749,35420.42321689618
19,EC,1.2376855569293626,1.2352467636146454,-1.7263029019297325,-1.074207823309759,1.5506177089423798,5.469293572971736,35942.53315224985
19,EO+,0.7993178493815656,0.5054948354955967,-0.5815907273756028,-0.24837149436927616,2.0032162245216885,6.02590900438122,35942.53315224985
19,EO-,0.4969273706068539,0.43022230458558924,0.11933140512577536,0.04349981599235814,2.0746228203629933,6.349300573728659,35942.53315224985
20,EC,1.0437422172992161,0.9110530550037133,-1.4962992291540131,-0.8807655238889267,1.5506177089423798,5.58587902849928,35520.32921330798
20,EO+,0.3757168365336337,0.2629227628073556,-0.37713618950905764,-0.37088641296339137,2.0032162245216885,6.055897295553905,35520.32921330798
20,EO-,0.5416945976408157,-0.2585641981560373,0.11368939903672762,0.4026515155576854,2.0746228203629933,5.212741201746825,35520.32921330798
21,EC,1.185287230535831,1.2184995321683665,-1.5854870002462575,-0.9226721174401656,1.5506177089423798,5.248586549725564,35487.12751511317
21,EO+,0.6893281893435382,0.4714889485246434,-0.4093233635526181,-0.27450459963452556,2.0032162245216885,5.455095470506606,35487.12751511317
21,EO-,0.4472980632595992,0.9018468761990194,0.21165007191152432,-0.15118177901886787,2.0746228203629933,5.425257578345883,35487.12751511317
22,EC,0.9883522404930594,1.0799763577556174,-1.3346048080176327,-1.1630875396953986,1.5506177089423798,5.779175387859707,35532.11973448216
22,EO+,0.5780070809855747,0.5688837472603872,-0.1894463471185769,-0.10210441350552435,2.0032162245216885,4.971366655871607,35532.11973448216
22,EO-,0.3865044647142109,-0.23194940306237644,0.11883817989160561,0.3408904953271389,2.0746228203629933,5.758399196582571,35532.11973448216
23,EC,0.9929197660440625,1.2172762915479594,-1.4099957843574067,-1.0118019770374398,1.5506177089423798,5.668080027643003,35416.40615995245
23,EO+,0.6041398029622007,0.6103176830240129,-0.3806870862521756,-0.40565778911172845,2.0032162245216885,5.018806326814829,35416.40615995245
23,EO-,0.5719123899641786,0.1543474222581812,0.0014437734400389503,0.1614829060631514,2.0746228203629933,5.554841283615772,35416.40615995245
24,EC,1.1552817549235035,1.1582801421180735,-1.7384751283950268,-1.1196434611867478,1.5506177089423798,5.335287575715185,35380.59681755406
24,EO+,0.6957926339081056,0.29466939207633824,-0.6237189999379765,-0.19750482116943102,2.0032162245216885,5.596653426651834,35380.59681755406
24,EO-,0.49638113750929186,-0.4426020508112394,0.05949392166070183,0.26997600177214565,2.0746228203629933,5.205281762128628,35380.59681755406
25,EC,1.1892919743920738,1.307951638583108,-2.404782996350217,-1.368060914420885,1.5506177089423798,5.382372516375417,35779.614303315226
25,EO+,0.7641585028008393,0.678101603941758,-0.9853259177205266,-0.6871689378314112,2.0032162245216885,6.2642268446902385,35779.614303315226
25,EO-,0.5446462011838584,0.3065439841031059,0.06645584017480391,0.07969719040584802,2.0746228203629933,5.985899687754995,35779.614303315226
26,EC,0.9580162745312752,1.1670134774221559,-1.650872276855679,-1.1730522973992592,1.5506177089423798,5.3777235014245015,35429.401562421626
26,EO+,0.7211542024746581,0.5857459670510969,-0.6403496593024153,-0.49008731813516004,2.0032162245216885,5.794059490507797,35429.401562421626
26,EO-,0.5551956401199092,0.184168275666531,0.17729320637436966,0.11926801652650801,2.0746228203629933,5.348753982063067,35429.401562421626
27,EC,1.1033176587603386,1.0232957630749602,-1.5043189367891527,-0.7295582428674886,1.5506177089423798,5.434608270124194,35320.12010204414
27,EO+,0.9806997238765403,0.7367076197650999,-0.587101674041396,-0.17525456355348812,2.0032162245216885,5.045610755318201,35320.12010204414
27,EO-,0.5375322403355363,-0.13021299744960851,0.04654267956143929,0.2503149742904852,2.0746228203629933,5.110880011613233,35320.12010204414
28,EC,0.9857411359487382,0.94180445364429,-1.7758344476349068,-1.2146051756150071,1.5506177089423798,5.542770871062361,35489.70546369075
28,EO+,0.669325062756823,0.7154716132690564,-0.7538069016468768,-0.7321478139081476,2.0032162245216885,5.821736483203999,35489.70546369075
28,EO-,0.449234456546638,-0.19371555373129912,0.2919405701476768,0.4447280531428396,2.0746228203629933,5.51508502555461,35489.70546369075
29,EC,0.9686523872662796,0.887256995193018,-1.2535291876298251,-0.8305774749543078,1.5506177089423798,5.427371753012963,35101.434824775686
29,EO+,0.5992829884035553,0.26327862232323945,-0.4696337119532696,-0.40234739233041766,2.0032162245216885,5.214321952726012,35101.434824775686
29,EO-,0.6133661544030398,-0.4191307220975157,-0.035217231677760474,0.5734954528673133,2.0746228203629933,4.557049567900426,35101.434824775686
30,EC,1.0652451495750905,1.001157761405557,-1.6059002703574339,-1.104081316386773,1.5506177089423798,6.292116216620853,35803.98715221923
30,EO+,0.5654721142905268,0.5816576536788487,-0.3363145883152759,-0.5056421162655084,2.0032162245216885,5.978676322695286,35803.98715221923
30,EO-,0.6149711481169841,0.6783402164621576,-0.04566372191623546,-0.20408194678526886,2.0746228203629933,6.029997718737514,35803.98715221923
31,EC,1.190053024807825,1.1787208752760434,-1.8824314664298698,-1.0432910941037123,1.5506177089423798,5.969893287376882,35788.06407214409
31,EO+,0.7460689632061143,0.7608140154042227,-0.37024320347894224,-0.197202125011986,2.0032162245216885,5.36180822937495,35788.06407214409
31,EO-,0.26512204622179664,-0.28838449285066703,0.3068847176416146,0.3860439287713513,2.0746228203629933,5.533299939545627,35788.06407214409
32,EC,1.1158347416762424,1.2328685666305383,-1.530930403467224,-1.1574578150609551,1.5506177089423798,5.832638861091976,35532.45870964401
32,EO+,0.9526277941013497,0.7622294492859933,-0.7760828726204337,-0.39174611221944594,2.0032162245216885,5.688312965384469,35532.45870964401
32,EO-,0.5498573320506731,-0.6700563820540191,-0.009705927308987287,0.4494371362995087,2.0746228203629933,4.581301733104012,35532.45870964401
33,EC,1.109786511960831,1.110093842563788,-1.68883234728488,-1.1193938255533227,1.5506177089423798,5.591241560140489,35616.626682736365
33,EO+,0.8478586963072615,0.8550296395627284,-0.706354735952611,-0.49815131311818495,2.0032162245216885,5.718321586972271,35616.626682736365
33,EO-,0.20035336497954787,-0.2055262325919568,0.2152582692110601,0.2329785359995586,2.0746228203629933,5.590749635847493,35616.626682736365
34,EC,1.2333648629329061,1.1682029703985273,-2.166879382568091,-1.1145546111074105,1.5506177089423798,5.322448889545735,35336.3563774871
34,EO+,0.5993144065842685,0.28168421895147827,-0.36599542985318584,-0.31415805720917866,2.0032162245216885,5.147593800278785,35336.3563774871
34,EO-,0.4963193517183467,-0.28931554039317936,0.11179729234398725,0.35354958636775957,2.0746228203629933,5.5032839201929145,35336.3563774871
35,EC,1.0453337431789032,0.8108868206394462,-1.607772757054159,-0.8058745597960021,1.5506177089423798,6.100912050253569,35411.84367233496
35,EO+,0.505103591136133,0.5487443231644016,-0.5833706057386994,-0.7739552084652637,2.0032162245216885,5.70246345086051,35411.84367233496
35,EO-,0.5379886401102837,-0.590725243438964,0.08643004377364549,0.4252641219296431,2.0746228203629933,4.7939410202192825,35411.84367233496
36,EC,1.178654056729826,1.1934813115498613,-1.7825609962411229,-1.084077975645211,1.5506177089423798,5.7563975250684845,35451.88874686939
36,EO+,0.648781664133877,0.05466299127204362,-0.4865948516526816,-0.37816465218236495,2.0032162245216885,5.69225671592799,35451.88874686939
36,EO-,0.41377232675527914,-0.4245540874086822,0.24313555200319525,0.512856245204164,2.0746228203629933,4.897234121445004,35451.88874686939
37,EC,1.2306581380724544,1.3794714335059444,-1.6311188359191713,-1.141648881142655,1.5506177089423798,5.811789728252139,35874.17788634046
37,EO+,0.6547311931154023,0.42065666703910426,-0.5164373212584346,-0.21008121220579068,2.0032162245216885,5.292831365163413,35874.17788634046
37,EO-,0.41921344421930834,-0.12910331862175947,0.1914212071240663,0.2177315932150365,2.0746228203629933,6.338014688705474,35874.17788634046
38,EC,0.9959587167364157,1.0910073471954653,-1.4689766615310198,-1.0654339688356096,1.5506177089423798,6.0479877595617015,35633.25693107454
38,EO+,0.40046982714812285,0.15403368239337942,-0.37937843263622334,-0.2753580806370269,2.0032162245216885,5.993008027734694,35633.25693107454
38,EO-,0.2609820620563212,-0.7056986560423995,0.2616575199591622,0.5064011014132199,2.0746228203629933,4.744190041733701,35633.25693107454
39,EC,0.7647638864667399,0.9393067944051974,-1.187294521597182,-0.9120383282310817,1.5506177089423798,5.7073176277405215,35274.708811340264
39,EO+,0.826420612381302,0.9500657474869315,-0.7414518750013838,-0.8375706671919666,2.0032162245216885,5.615037922686288,35274.708811340264
39,EO-,0.48222336898300056,0.8593562070997987,0.01505028169731887,-0.23667570652687264,2.0746228203629933,4.694932142067945,35274.708811340264
40,EC,1.2054030746387934,1.3486078361114509,-1.7080929454062699,-1.1270849024489444,1.5506177089423798,5.643864580368707,35765.980588040846
40,EO+,0.9303438121420945,0.5232929409588246,-0.6996630382541889,-0.26812512977515984,2.0032162245216885,6.277970650187868,35765.980588040846
40,EO-,0.6276447658591193,0.5338244981983435,-0.12458187239854805,0.02972520122522896,2.0746228203629933,5.112323349791485,35765.980588040846
41,EC,1.1340922691624298,1.276295387092083,-2.1093407448720494,-1.2574800767806398,1.5506177089423798,5.401267496959342,35455.57778110444
41,EO+,0.5488627013575826,0.2882085483997572,-0.680757768004872,-0.30841798555301003,2.0032162245216885,5.6385635672595855,35455.57778110444
41,EO-,0.6139584150717329,1.0603711728739982,-0.027578267421722827,-0.3737818033818453,2.0746228203629933,5.183492564350445,35455.57778110444
42,EC,1.0465935570640443,1.2527422406093693,-1.3669575627098802,-1.0136719964583196,1.5506177089423798,5.986783136613617,35746.696294738955
42,EO+,0.7360805970140957,0.29801895374891224,-0.8460388529858873,-0.31824948667880437,2.0032162245216885,5.971278193038023,35746.696294738955
42,EO-,0.3207879262770453,-0.4119872196913088,0.15784171519392848,0.3498449558396036,2.0746228203629933,5.1104899354545985,35746.696294738955
43,EC,1.1111694481321797,1.1707102358302803,-1.3896738566214724,-0.7325884655817303,1.5506177089423798,5.947060413588467,35691.48161560203
43,EO+,0.6586866144555419,0.3095855928555593,-0.6273675396550483,-0.22927331835681475,2.0032162245216885,5.702983981228924,35691.48161560203
43,EO-,0.4854015050429942,-0.36789940440708746,-0.2614397982772793,0.22535639347322795,2.0746228203629933,5.227623235630714,35691.48161560203
44,EC,1.0396968174802053,0.920228782696288,-1.5944411827297282,-0.78199294472226,1.5506177089423798,4.839486768469074,35497.727648088236
44,EO+,0.6660947142759368,0.32991347358344525,-0.41415560720667083,-0.05825487288820455,2.0032162245216885,5.316608528303968,35497.727648088236
44,EO-,0.6688985972572601,-0.15294275015784145,-0.16393935852103217,0.21133456063077222,2.0746228203629933,6.374703606249961,35497.727648088236
45,EC,1.0557114441366071,1.0876066750123856,-1.7304936007593807,-0.9498719502001505,1.5506177089423798,5.871946691403631,35602.42018357051
45,EO+,0.5560273367249403,0.5253970307910358,-0.39006152540072403,-0.38592505843760894,2.0032162245216885,5.704074598137945,35602.42018357051
45,EO-,0.15025893656281472,0.33860580425915315,0.2982236775350679,0.10730665280758137,2.0746228203629933,5.411943946331885,35602.42018357051
46,EC,1.154292465324808,1.4036330956611718,-1.7003560975896803,-1.5173153687851486,1.5506177089423798,5.186519192065175,35501.51874521562
46,EO+,0.6193663276051983,0.38267069268671583,-0.8891239802424663,-0.3376364311872501,2.0032162245216885,5.644497364065089,35501.51874521562
46,EO-,0.465239174079811,-0.027372653090437946,0.13804975211313228,0.30163318396136424,2.0746228203629933,5.4547586142919915,35501.51874521562
47,EC,1.1580202057504172,1.1512701821193663,-1.7138589209576303,-0.9814836936135045,1.5506177089423798,5.540166468324057,35555.87832029209
47,EO+,0.6735691117969917,0.5182249717358625,-0.2662213097066714,-0.12307331866126653,2.0032162245216885,5.440018120780826,35555.87832029209
47,EO-,0.42564454082716413,0.8875335748109232,0.06259820535791606,-0.298596751468903,2.0746228203629933,5.426533404859692,35555.87832029209
48,EC,1.1618494742217147,0.9776858330262148,-2.084920247012194,-1.1836916566056752,1.5506177089423798,5.3989840293701175,35140.4758886211
48,EO+,0.9214375779441342,0.6895893716961434,-0.8736540086414196,-0.16176995864618665,2.0032162245216885,4.878848477987802,35140.4758886211
48,EO-,0.4395743115066778,-0.03076957213833105,0.1137350797233669,0.31554853318700526,2.0746228203629933,5.1352694975444955,35140.4758886211
49,EC,1.01251880237953,1.0602854657903709,-1.4223255961750512,-0.9782280692296118,1.5506177089423798,6.173659874793498,35657.34489163
49,EO+,0.7049066184590109,0.5835955899634907,-0.5969139288513327,-0.28207723161582465,2.0032162245216885,5.160319974183075,35657.34489163
49,EO-,0.44623970222888726,0.3432884790599122,-0.04032873270202546,0.07079671128294825,2.0746228203629933,5.948110377978427,35657.34489163
50,EC,0.9174280029800823,1.0293062725149618,-1.4195638308326328,-1.0226902398705353,1.5506177089423798,6.414380128932305,35771.2133348694
50,EO+,0.728217847398877,0.31495182189936655,-0.43200693328820794,-0.15600412415366227,2.0032162245216885,5.630515759109782,35771.2133348694
50,EO-,0.4717054683160516,0.3035005762975037,0.06370944412899951,0.0963761671087569,2.0746228203629933,5.685201570910158,35771.2133348694
51,EC,1.0575596611434817,1.0124133635737103,-1.3891526765573572,-0.7545280324351092,1.5506177089423798,5.617187991695596,35497.82172302003
51,EO+,0.6907559262572206,0.3478743812964804,-0.4320670736096216,-0.0880092473750185,2.0032162245216885,5.09437617675643,35497.82172302003
51,EO-,0.02610702122262657,-0.30630174101403296,0.30050820686549723,0.29366047223144126,2.0746228203629933,5.509398819306089,35497.82172302003
52,EC,0.9957888045031437,1.2403819968270104,-1.5965778205996537,-1.0546647900309538,1.5506177089423798,5.234824049753547,35271.76221921216
52,EO+,0.5888938920819141,0.2981124333116,-0.43837243186822467,-0.20017638398617654,2.0032162245216885,5.464302871036756,35271.76221921216
52,EO-,0.35337472717670787,0.11535598775216245,0.13885231044311155,0.18440213319460647,2.0746228203629933,4.988827185682172,35271.76221921216
53,EC,1.1428123085492374,1.3356010107805947,-1.7064213527927719,-1.4780826888700527,1.5506177089423798,5.471122043427528,35540.56203553833
53,EO+,0.25961264757078956,0.2285940427560496,-0.0068027135324352445,-0.15231993576016264,2.0032162245216885,5.852835178967494,35540.56203553833
53,EO-,0.6684667960479498,0.7975358737493659,-0.24364020361067656,-0.2623101658090755,2.0746228203629933,5.183155339838023,35540.56203553833
54,EC,1.156780457899008,1.282257533101876,-1.691917876053126,-1.2424547890762967,1.5506177089423798,5.794923020139045,35697.42854247131
54,EO+,0.7265280324327659,0.5112676400245989,-0.4944059292514502,-0.2908806244335511,2.0032162245216885,5.70514967988424,35697.42854247131
54,EO-,0.25292952316111833,-0.2704767657086074,0.16549139931350004,0.2460659603294762,2.0746228203629933,5.508398563285114,35697.42854247131
55,EC,0.8521896216206978,0.6539457244810455,-1.1629258777470468,-0.7185168450998117,1.5506177089423798,6.05765910867515,35515.08766249884
55,EO+,0.24976901825704678,0.22150986905960726,-0.12044933182032193,-0.2766373448325411,2.0032162245216885,5.540870205940658,35515.08766249884
55,EO-,0.5445148527369,0.2623873152512197,-0.11565008453714744,0.11676664365311477,2.0746228203629933,5.621652698070317,35515.08766249884
56,EC,1.1241902999386852,1.0593221522806302,-1.3517878968658803,-0.8865127986256793,1.5506177089423798,6.0007315035526805,35517.986052822846
56,EO+,0.5299247426717535,0.4569933359152474,-0.27804520383564524,-0.16674008613288605,2.0032162245216885,5.502773836280351,35517.986052822846
56,EO-,0.44273230889115484,0.4922208802830853,0.09332630555391144,0.01178830602752015,2.0746228203629933,5.133495311773615,35517.986052822846
57,EC,1.2793399246600725,1.5023276013622255,-1.747921262585636,-1.3772748778028125,1.5506177089423798,5.11272227779091,35429.81911341899
57,EO+,0.6303344133170866,0.5293580852768235,-0.3133713143507479,-0.15007811209899585,2.0032162245216885,5.406262772245943,35429.81911341899
57,EO-,0.4878683334374588,0.13552338817760926,0.025687869087104524,0.21300628520787834,2.0746228203629933,4.928289527960668,35429.81911341899
58,EC,1.0578332393954444,0.9267797146169117,-1.6701540982944962,-1.0519717114832319,1.5506177089423798,6.663149999084803,35541.70531636809
58,EO+,0.2851836892488941,0.11658450590750975,-0.19517053458837047,-0.35694768316235415,2.0032162245216885,5.797062893888891,35541.70531636809
58,EO-,0.18465204774125726,-0.4963456729911132,0.08258963072977492,0.38102752075765295,2.0746228203629933,4.798537800594663,35541.70531636809
59,EC,1.3030727622064509,1.2896229171306883,-1.922479797138293,-1.1240454569489982,1.5506177089423798,6.003469141490971,35488.66564342888
59,EO+,0.5740884935444489,0.408557562280645,-0.426455468227966,-0.3146771475098598,2.0032162245216885,5.153747262988511,35488.66564342888
59,EO-,0.4711386382679719,0.5638805078315123,-0.025317431603962513,0.06376172009404482,2.0746228203629933,5.3037167956346885,35488.66564342888
60,EC,1.110905770825334,1.0853065480458766,-1.7579875959696456,-1.1754122355972578,1.5506177089423798,5.994066479169554,35442.25776755028
60,EO+,0.6724337839840031,0.642707544129443,-0.5401604836677713,-0.3250574351382467,2.0032162245216885,5.279910454151131,35442.25776755028
60,EO-,0.3228614897777235,-0.13147707263340225,0.05271524272474073,0.19282056958873223,2.0746228203629933,5.30812870765912,35442.25776755028
61,EC,1.0294309808402111,1.2323548691222475,-1.5601348235055053,-1.2465365801812935,1.5506177089423798,4.928058459386362,35454.165986321605
61,EO+,0.38621720679478705,0.20478090146253286,-0.3147695121027492,-0.3276414115154361,2.0032162245216885,5.718381516000426,35454.165986321605
61,EO-,0.4276482716496648,0.48223878585159863,0.048135031547265734,-0.08199664236999435,2.0746228203629933,5.942208642552591,35454.165986321605
62,EC,1.09082188311987,1.2623311506057475,-1.7396790753586697,-1.1791473467649194,1.5506177089423798,5.080614303204081,35622.18813810898
62,EO+,0.6156121546934246,0.7191071955950976,-0.47397870173164863,-0.5412912779000333,2.0032162245216885,5.773987280318777,35622.18813810898
62,EO-,0.44108803786723433,-0.36364224434591186,0.1285537405616266,0.24834127208617993,2.0746228203629933,5.942881939936798,35622.18813810898
63,EC,1.223219407634014,1.4359214798583344,-1.8768411144903179,-1.2623740995757604,1.5506177089423798,5.629173197030173,35619.92102840419
63,EO+,0.29377746306663804,0.17745591966864044,-0.06928682328266138,-0.14123638219818097,2.0032162245216885,5.398408943978623,35619.92102840419
63,EO-,0.9157970802891962,1.1256868825244728,-0.2920799607207832,-0.39007687034337724,2.0746228203629933,5.340189729164751,35619.92102840419
64,EC,0.9143890695932185,1.0877468425729517,-1.4143141124922065,-0.9587018963936479,1.5506177089423798,5.589837771398663,35747.46260456783
64,EO+,0.7686798033299104,0.661557131269012,-0.2489672373045538,-0.1915444338869962,2.0032162245216885,5.731473533047591,35747.46260456783
64,EO-,0.511526379065606,0.11031931315355135,0.20614116783445688,0.34848559248834776,2.0746228203629933,5.583401432810637,35747.46260456783
65,EC,0.9190058408476568,0.8916736850414346,-1.517056069244243,-0.8213920639864299,1.5506177089423798,6.303051242722743,35560.17754357973
65,EO+,0.9319966249243182,0.8639609007445285,-0.8745028479999801,-0.6227441012471535,2.0032162245216885,5.482249778422038,35560.17754357973
65,EO-,0.4384237138583946,0.8615158320342393,0.018885998261252465,-0.4712973855434005,2.0746228203629933,5.117494554308606,35560.17754357973
66,EC,0.9844761583371621,1.1432268874152351,-1.487572527695307,-0.9154316221760572,1.5506177089423798,4.98614740486282,35577.00726446565
66,EO+,0.7376215770837001,0.924243810785244,-0.222501423942007,-0.2661928621659712,2.0032162245216885,5.4398663195598616,35577.00726446565
66,EO-,0.48446076710303737,-0.23882029805892932,0.017335379354938042,0.3671826222021396,2.0746228203629933,5.57165471350689,35577.00726446565
67,EC,1.0406851497909735,1.0268863324781106,-1.3908533015807534,-0.7810677338482057,1.5506177089423798,5.647523733338106,35465.99450322193
67,EO+,0.5328508849360595,0.3146918143403917,-0.31198417850738186,-0.2681219400301551,2.0032162245216885,5.491762528276142,35465.99450322193
67,EO-,0.4188494014306168,-0.30030778311362394,0.10205643592611194,0.3644743752277295,2.0746228203629933,5.095588847815207,35465.99450322193
68,EC,0.9070994285564286,1.0637812681802714,-1.5804447529139025,-1.0915869125005933,1.5506177089423798,5.755262650716436,35515.85961992152
68,EO+,0.5074906605992824,0.243566141646409,-0.4275850550262369,-0.2569302166702778,2.0032162245216885,6.03331938684946,35515.85961992152
68,EO-,0.6039709554046302,1.0780003821489101,0.11608788070880142,-0.26080758088015,2.0746228203629933,4.723893037599701,35515.85961992152
69,EC,1.08315353568485,1.1448000126519868,-1.743457705054085,-1.0022952068265987,1.5506177089423798,5.564064552580445,35548.74935372111
69,EO+,0.47809262844594036,0.3394583768708661,-0.3655363182196013,-0.2634668460902084,2.0032162245216885,5.615030737718946,35548.74935372111
69,EO-,0.35344563210516,0.709357991910879,0.1551819028638455,-0.036062079485630505,2.0746228203629933,5.512541333923581,35548.74935372111
70,EC,1.1781018253585271,1.1135170768539724,-1.6358292092092632,-0.8206309971994317,1.5506177089423798,5.574111506870032,35638.211765694316
70,EO+,0.3757739155122083,0.3963127998921417,-0.4095500057173518,-0.36428060275150725,2.0032162245216885,5.580326892376345,35638.211765694316
70,EO-,0.40053894882513347,-0.03249764850221956,0.2539268388040133,0.3879209889524686,2.0746228203629933,5.591568254097821,35638.211765694316
71,EC,0.9888758339901352,0.9592986402127619,-1.2819202532007057,-0.8225924882211917,1.5506177089423798,5.776982029307717,35598.3310464758
71,EO+,0.6536066186947854,0.2777013174221198,-0.2970205621464389,-0.030741919625307944,2.0032162245216885,5.553596626996033,35598.3310464758
71,EO-,0.24617357471620693,0.04273186995807944,0.1005938757938524,0.07604607792237492,2.0746228203629933,5.621566661288129,35598.3310464758
72,EC,1.0424138696269494,1.1025034932587108,-1.6587834849727154,-1.1713768161105742,1.5506177089423798,6.096933364049926,35847.87373726647
72,EO+,0.7572504647309359,0.6314400125918607,-0.637648176466647,-0.4415123194098342,2.0032162245216885,5.962743034094349,35847.87373726647
72,EO-,0.7478852083073597,0.38855888853232007,0.08156695769714538,0.19053849807469234,2.0746228203629933,5.588380820935738,35847.87373726647
73,EC,1.0516057894320652,1.2524756243939108,-1.533097622444164,-1.1983634989211094,1.5506177089423798,5.788508010774859,35312.47277392214
73,EO+,0.5165924422862659,0.4520730235742719,-0.17849591341558022,-0.28604430587906293,2.0032162245216885,5.5406294052016545,35312.47277392214
73,EO-,0.6781589051515187,0.8320328082931367,-0.26105190460626476,-0.46791762891208377,2.0746228203629933,4.705669544867478,35312.47277392214
74,EC,1.2022174065927922,0.9986556246224298,-1.7711069544839713,-0.8169079235396176,1.5506177089423798,5.778199324977305,35483.757331362336
74,EO+,0.55619931611449,0.5013612582106577,-0.21069277903931183,-0.14179724899840096,2.0032162245216885,4.970697269205607,35483.757331362336
74,EO-,0.6578098822538414,0.9902412054520663,-0.07942768849964353,-0.23707961344423423,2.0746228203629933,5.593455268855417,35483.757331362336
75,EC,1.1489552500135705,1.2809348845745956,-1.6652065721788192,-1.2069751890775549,1.5506177089423798,6.165912475305802,35661.36102272741
75,EO+,0.6319473635950247,0.6653339038076844,-0.3668034467223249,-0.34101771377884016,2.0032162245216885,5.560935381535909,35661.36102272741
75,EO-,0.19364836852211725,-0.30735205858925735,0.16048048293750175,0.2421492328793404,2.0746228203629933,5.20995076958225,35661.36102272741
76,EC,1.156539744647976,1.2949939789178515,-1.6749990004345188,-1.1394880145163118,1.5506177089423798,5.802230233555361,35649.31884636216
76,EO+,0.25267410455054734,0.1914920664610923,-0.06120208835610533,-0.15348691874138798,2.0032162245216885,5.721897276432047,35649.31884636216
76,EO-,0.41270277887417367,-0.06100504311254787,0.09294632530711616,0.31847786345927814,2.0746228203629933,5.164483504778828,35649.31884636216
77,EC,1.1728654184711746,1.173636055732164,-1.7134291715309553,-1.1940532882353594,1.5506177089423798,5.376933576160532,35523.00799843139
77,EO+,0.7136137670581044,0.643729969529114,-0.5506520459947805,-0.4834354688198733,2.0032162245216885,5.327296257935011,35523.00799843139
77,EO-,0.6002060986499255,0.2632986798815091,0.12716146013384505,0.2324829127885628,2.0746228203629933,5.888653210094747,35523.00799843139
78,EC,1.1406294771059313,1.1048261251180622,-1.7007513699780203,-1.1989627762098223,1.5506177089423798,6.068008230677046,35595.335569816554
78,EO+,0.5070401855368156,-0.014866994951996552,-0.36289831071673656,-0.0046606006953789254,2.0032162245216885,5.5652848049202905,35595.335569816554
78,EO-,0.7367232248547063,0.7863637266427923,-0.11895238267240663,-0.06546327098014842,2.0746228203629933,5.33305750211075,35595.335569816554
79,EC,1.126928173253911,1.3063257990655281,-1.3757296257450016,-1.2720000275346588,1.5506177089423798,5.723660304059789,35741.55081307299
79,EO+,0.9069943352588502,0.8005988004489392,-0.8783158349850285,-0.6009279143464028,2.0032162245216885,5.464022686739669,35741.55081307299
79,EO-,0.8106534428705436,0.660121671779118,-0.26333568706141314,-0.0671979793906511,2.0746228203629933,6.040357891321325,35741.55081307299
80,EC,1.0246248575020438,1.144453308862369,-1.5254511226435354,-1.251571359962285,1.5506177089423798,5.695051991156941,35387.590012146466
80,EO+,0.59114808546703,0.4404601093708032,-0.13129258822972267,-0.0786308109181436,2.0032162245216885,4.873052612571636,35387.590012146466
80,EO-,0.46744555692887213,0.9683171189506024,0.08918124990579852,-0.33419120220909904,2.0746228203629933,5.529071318085856,35387.590012146466
81,EC,1.0181127690838558,0.9904591935358475,-1.7208364563906342,-1.0981039575352374,1.5506177089423798,5.494380304657967,35696.1636259037
81,EO+,0.8372827774064899,0.4101527419447021,-0.6585797532589848,-0.30057126499734843,2.0032162245216885,6.128762193588363,35696.1636259037
81,EO-,0.520809244636889,0.9127131335498684,-0.011024893030486645,-0.43937296952801214,2.0746228203629933,5.9817399208749595,35696.1636259037
82,EC,1.0174755535096156,1.0055305336750102,-1.533173828720546,-1.1001918977474379,1.5506177089423798,5.775097306826762,35595.88073103047
82,EO+,0.8454280920635796,0.5593554405226674,-0.6325818501515644,-0.26843952664976,2.0032162245216885,5.553519407646647,35595.88073103047
82,EO-,0.672634722472754,-0.39384235680583274,-0.1663250601740458,0.39311390923075185,2.0746228203629933,5.409203146338622,35595.88073103047
83,EC,1.020855008266404,0.7038513270198792,-1.5404692863468845,-0.7117572499882728,1.5506177089423798,6.332259960382467,35616.05177366838
83,EO+,0.42022332025855197,0.295311233795221,-0.3829526114775796,-0.1551941519544651,2.0032162245216885,5.777033782116354,35616.05177366838
83,EO-,0.5242452615668036,1.0282177673890724,0.048180334318984046,-0.41738528488134274,2.0746228203629933,5.019649722018645,35616.05177366838
84,EC,1.1215365759129425,1.3015219132825415,-1.5840356836272282,-1.1473666794527002,1.5506177089423798,5.851274627118514,35777.89176915903
84,EO+,0.4829354834147871,0.3300564752624764,-0.39808814155632805,-0.288224678335791,2.0032162245216885,6.0624273864869345,35777.89176915903
84,EO-,0.29426427315533876,0.7989795562815891,0.1614026634180287,-0.15403824487829199,2.0746228203629933,5.475560737758636,35777.89176915903
85,EC,1.3496093963276945,1.4965850674781587,-1.9695340147520009,-1.358816889354725,1.5506177089423798,6.5512703981600104,35818.037444610854
85,EO+,0.8652768426085247,0.8125484430873733,-0.5201476917447408,-0.40414325327582096,2.0032162245216885,5.353841123636839,35818.037444610854
85,EO-,0.6063280876536549,0.19123683394545637,0.04892517196333826,0.23184244301174878,2.0746228203629933,5.129718460127085,35818.037444610854
86,EC,1.068892398921468,1.1745516706789338,-1.3598958674401609,-0.9935433518900392,1.5506177089423798,5.9923478128361864,35760.697827660726
86,EO+,0.5823033409605388,0.49761063869008315,-0.43737786233282183,-0.2991731784527732,2.0032162245216885,6.0324452194591025,35760.697827660726
86,EO-,0.5312653079323245,-0.48874823198046247,-0.14042125146827752,0.3026481608056001,2.0746228203629933,5.257040914016445,35760.697827660726
87,EC,1.051086419769714,1.0768178658498535,-1.8046287869472974,-1.0914200324078225,1.5506177089423798,5.744326014960756,35465.53089081334
87,EO+,0.6514314647132826,0.7574793233325876,-0.47428551034505234,-0.46825168642187304,2.0032162245216885,5.265746921633251,35465.53089081334
87,EO-,0.2898474347473437,-0.20402532706032073,0.24978009075667587,0.30561007337164714,2.0746228203629933,5.567924171402108,35465.53089081334
88,EC,0.9576420848903868,1.0266100267823792,-1.659814330642597,-0.8591493213394357,1.5506177089423798,5.851247409943305,35631.59304124095
88,EO+,0.3244610354817025,0.13711856138205156,-0.1720275736538232,-0.1689464443749792,2.0032162245216885,5.987910058516843,35631.59304124095
88,EO-,0.6086895590624586,0.6333634653990745,-0.03430412220616208,-0.07220548671187291,2.0746228203629933,5.291428562145642,35631.59304124095
89,EC,1.0847249924254085,1.205347363757683,-1.3799674592615319,-1.1130830670454808,1.5506177089423798,5.8391457637320645,35759.73865557421
89,EO+,0.5872306903528395,0.5356736766173993,-0.3890104694698654,-0.36488704033849784,2.0032162245216885,5.778485528616107,35759.73865557421
89,EO-,0.8913221634396732,1.0720189318981856,-0.3484345376844178,-0.5165132246021948,2.0746228203629933,5.615784319479131,35759.73865557421
90,EC,1.0184004401925695,1.1214711280951106,-1.3889242618255566,-1.1274126847517087,1.5506177089423798,5.474599039495059,35403.58046997688
90,EO+,0.7726063054698362,0.7084545304851384,-0.5287082793449351,-0.2629436338816845,2.0032162245216885,5.0894232419019865,35403.58046997688
90,EO-,0.45714455158833467,0.339284088500477,-0.11933856384252017,-0.1254260241758716,2.0746228203629933,5.813112709392152,35403.58046997688
91,EC,1.1043868089751119,1.0003552148542174,-1.6881026225948206,-0.9829878596639121,1.5506177089423798,5.9978159366405,35751.753684508374
91,EO+,0.6998157102030946,0.5531663156607154,-0.3552916033867057,-0.2898952939274373,2.0032162245216885,5.708570423209985,35751.753684508374
91,EO-,0.3577616262774312,0.35457157782735743,-0.006779336530124615,-0.010343100498872368,2.0746228203629933,6.087162779199442,35751.753684508374
92,EC,1.0373809257324305,0.8954606308786468,-1.356753608275602,-0.9140345337948232,1.5506177089423798,6.045873574364247,35415.425762126324
92,EO+,0.5650678612867002,0.45530655633057204,-0.37854658410208786,-0.5148300654219089,2.0032162245216885,5.416432065334856,35415.425762126324
92,EO-,0.5041106523143913,0.36802090538901244,0.14219348722552405,0.13252371861189033,2.0746228203629933,5.3540179160060735,35415.425762126324
93,EC,1.176915122142058,1.3478212424044738,-1.835606967759514,-1.2673278664425658,1.5506177089423798,5.549165243453617,35839.933165570306
93,EO+,0.6198254060692695,0.5107308246026201,-0.7722563706014355,-0.4534381417574277,2.0032162245216885,6.09148007798609,35839.933165570306
93,EO-,0.206508721779389,-0.4770049585349633,0.37356960083784796,0.528886335966551,2.0746228203629933,5.367103336208364,35839.933165570306
94,EC,0.9713568109390633,1.218253725934379,-1.523662519118202,-1.1915773020587341,1.5506177089423798,5.081625787685359,35270.99817453835
94,EO+,0.5276813753287687,0.5142710100248504,-0.25901142963894785,-0.19357785209335854,2.0032162245216885,5.1475857025537675,35270.99817453835
94,EO-,0.29361880655308137,-0.6433467563602903,0.19014261420939388,0.5164901204702337,2.0746228203629933,4.878224950276077,35270.99817453835
95,EC,1.1352605913144755,1.3623048152974169,-1.7100755351258348,-1.355581433933093,1.5506177089423798,5.423484969753132,35713.92191442846
95,EO+,0.7055836252071691,0.6577282113480041,-0.8513893021151973,-0.5042503470548323,2.0032162245216885,5.53596361550721,35713.92191442846
95,EO-,0.7459508189810241,0.4769480281225754,-0.1722538436050012,-0.07507621563991357,2.0746228203629933,6.10774607439911,35713.92191442846
96,EC,1.1055311134509842,1.1788152321260066,-1.5975882375269732,-1.296821671604755,1.5506177089423798,6.171363375616039,35736.3403162004
96,EO+,0.583989179824829,0.4195569108000735,-0.28068534125757233,-0.22447217671965425,2.0032162245216885,5.484086941075439,35736.3403162004
96,EO-,0.5927170778048543,0.6464245244839653,0.05899181121774659,0.06816011011110448,2.0746228203629933,5.806415091950384,35736.3403162004
97,EC,1.0920918834441538,1.224756006786253,-1.3624574142377095,-1.1463826123757035,1.5506177089423798,6.179134334502196,36072.113637731934
97,EO+,0.6791669290635481,0.5011827566404031,-0.42723487519658726,-0.2475470950405761,2.0032162245216885,6.022086772673935,36072.113637731934
97,EO-,0.5143017396164125,-0.2734252682297845,0.008375289660732073,0.25126833871960963,2.0746228203629933,5.990403960038712,36072.113637731934
98,EC,1.092828053527026,1.0251353923448936,-1.6391439193718376,-0.9485670202756618,1.5506177089423798,6.08334710773717,35836.77916304968
98,EO+,0.5791331715779121,0.1975975177897672,-0.4702633872088224,-0.20283276857373844,2.0032162245216885,5.855080818604003,35836.77916304968
98,EO-,0.6068720445769489,0.4211440064034031,-0.06370415059321845,0.00778847805957681,2.0746228203629933,6.049700471659496,35836.77916304968
99,EC,1.151174026716679,0.8471579673127276,-1.6253532856331452,-0.7139428471931883,1.5506177089423798,5.410721246568942,35286.71093306539
99,EO+,0.7846254067873445,0.6284452592598805,-0.772664145107618,-0.5012604225384812,2.0032162245216885,5.491573294318874,35286.71093306539
99,EO-,0.46900671085829926,-0.1717038046824385,0.047009359363730185,0.3031540335673861,2.0746228203629933,5.10728217190511,35286.71093306539
100,EC,1.1801160955220042,1.3547597488542453,-1.7198457474474356,-1.526651488899621,1.5506177089423798,5.9030664641930315,35718.41459820837
100,EO+,0.8031608796308667,0.6222033939887972,-0.7001676958309787,-0.5426278683474259,2.0032162245216885,6.3835915046011635,35718.41459820837
100,EO-,0.3969501318796017,-0.4946943664791469,0.09401101186804117,0.41824461943145097,2.0746228203629933,4.816148285549026,35718.41459820837
101,EC,1.0424763494040221,1.261850492242675,-2.0726401191924433,-1.5264812613392789,1.5506177089423798,5.963003206606459,35594.34637524512
101,EO+,0.6237223243710163,0.4084229768193931,-0.7399065728132623,-0.31893145921119453,2.0032162245216885,5.633550978502067,35594.34637524512
101,EO-,0.33457901973077214,-0.491409311408344,0.06185364575358527,0.3211378469414067,2.0746228203629933,5.353609437928187,35594.34637524512
102,EC,0.9696451945754666,0.7959499496826624,-1.6624320442207403,-0.7590016056473461,1.5506177089423798,5.720044084436431,35487.150871169906
102,EO+,0.8114018676442206,0.8728477067820145,-0.6683546901840142,-0.7219527849538906,2.0032162245216885,6.160838083301195,35487.150871169906
102,EO-,0.010748517717104559,-0.015571016099016777,0.3844695738173288,0.37353087691634684,2.0746228203629933,4.772967031435227,35487.150871169906
103,EC,1.1687407328952841,1.1044002783843467,-1.6063548745496774,-0.7685109872702187,1.5506177089423798,5.536506652517264,35700.17018792794
103,EO+,0.7551847983152867,0.3097640177498147,-0.44445434751906737,-0.204531123984071,2.0032162245216885,5.74496838336062,35700.17018792794
103,EO-,0.4894684382476565,0.9083454707746828,0.018382035545304563,-0.3755267212940815,2.0746228203629933,5.760359413089063,35700.17018792794
104,EC,1.055398069693997,1.2507158131067693,-1.370936472954438,-1.0278115972317343,1.5506177089423798,5.824982168756799,35955.84733449004
104,EO+,0.7017837167652216,0.6931850495643761,-0.4155536591296648,-0.3089493935159654,2.0032162245216885,6.254709449507403,35955.84733449004
104,EO-,0.542204552526349,-0.5863305320344022,0.03458004779975735,0.5512306814563338,2.0746228203629933,5.062998642374799,35955.84733449004
105,EC,1.0506839673171038,1.0384952610713931,-1.8132541966421956,-1.2663330936305477,1.5506177089423798,6.11978165738587,35521.21214967911
105,EO+,0.7158944148432623,0.40059647179872626,-0.6044770084770212,-0.17472410187081222,2.0032162245216885,5.609224935246302,35521.21214967911
105,EO-,0.5672229516216253,0.23326533083429402,0.024097003200316824,0.12175951652846848,2.0746228203629933,5.346376280297988,35521.21214967911
106,EC,1.1146347270459376,1.057363822767765,-1.531278108350349,-0.9364809603865207,1.5506177089423798,5.678191270824791,35285.909603773354
106,EO+,0.7416884666229946,0.4004819153950272,-0.6056342177346709,-0.48007949261768657,2.0032162245216885,5.448486638316698,35285.909603773354
106,EO-,0.6486190762804441,0.42742703662745607,-0.2042305848634454,-0.06265253051869499,2.0746228203629933,5.1725802421090235,35285.909603773354
107,EC,0.8976703079088508,1.1381730031301536,-1.3493700689249262,-0.8258817729542194,1.5506177089423798,5.224416939294969,35554.50768265969
107,EO+,0.9043041318299547,0.6884852764058564,-0.40928132507216747,-0.18325327171697248,2.0032162245216885,5.47510216582847,35554.50768265969
107,EO-,0.6115128297703937,0.7920341145404075,-0.028065586733778482,-0.25942494348567546,2.0746228203629933,5.600548663804174,35554.50768265969
108,EC,1.178088141265316,1.1598900225283053,-1.7680526183968974,-1.214674529317859,1.5506177089423798,5.522558745698092,35557.095926828246
108,EO+,0.6125726896189143,0.3433586658503402,-0.3775225586429543,-0.18188207361328768,2.0032162245216885,5.597848993610841,35557.095926828246
108,EO-,0.6737671510360753,0.5437023080860626,0.017547096135590547,0.11202508481178913,2.0746228203629933,5.611530997862069,35557.095926828246
109,EC,1.263658666684112,1.266099540104421,-1.5997940849622259,-0.8990845260408467,1.5506177089423798,5.380398189498822,35612.346734732935
109,EO+,0.7408592934967259,0.564398314572377,-0.37944689708398527,-0.2969097983015168,2.0032162245216885,5.62887838249722,35612.346734732935
109,EO-,0.7252346210586084,0.9244022361699614,-0.23390028431780988,-0.4032863274312579,2.0746228203629933,5.520875716239999,35612.346734732935
110,EC,1.1432932856709463,1.2794949225584529,-1.7268333775033702,-1.3031313687497912,1.5506177089423798,5.692131029439533,35468.589073333555
110,EO+,0.5121019215705233,0.5378345027001884,-0.3285438194719748,-0.22299952784271915,2.0032162245216885,5.59601731779788,35468.589073333555
110,EO-,0.6332459659298785,0.6882860411228624,-0.002276659029775424,-0.16035047500634864,2.0746228203629933,5.103778272346261,35468.589073333555
111,EC,1.0673224936436825,1.0173447047764892,-1.8287097266827899,-1.0531163730788506,1.5506177089423798,5.805936978977337,35513.069982272486
111,EO+,0.7841862340181445,0.8024914337589025,-0.6080076574213207,-0.31402768050443153,2.0032162245216885,5.806659593371011,35513.069982272486
111,EO-,0.41983531412794045,-0.6751697484102284,0.024432914120399826,0.4341205128229131,2.0746228203629933,4.650968098108279,35513.069982272486
112,EC,1.1949195473097514,1.1567334473073467,-1.819884464580785,-1.0974003429437542,1.5506177089423798,5.628363487881993,35492.75312204151
112,EO+,0.6054599363666935,0.2281410186918561,-0.37972816597182135,-0.18399762313654183,2.0032162245216885,5.877298925795813,35492.75312204151
112,EO-,0.32256434681385554,-0.4191371483098459,0.16497902517417107,0.4617674538827373,2.0746228203629933,4.689458512914362,35492.75312204151
113,EC,1.0287763705777404,1.145027172733982,-1.3918922383684513,-1.1765985242805446,1.5506177089423798,6.183779983233578,35788.991064184025
113,EO+,0.6089739271585947,0.3382172306912316,-0.4843592363185854,-0.25544689408547505,2.0032162245216885,5.858467418654625,35788.991064184025
113,EO-,0.34223428382540444,-0.663189810809981,0.017531213449941064,0.23747336832490773,2.0746228203629933,5.644743831894866,35788.991064184025
114,EC,1.1488045550359451,1.2391450460834925,-1.553474319883249,-1.2939584722073612,1.5506177089423798,6.515485266932465,35761.79049222857
114,EO+,0.8124715016883415,0.378879766794457,-0.5025104704359815,-0.19914313561303332,2.0032162245216885,5.627053040412354,35761.79049222857
114,EO-,0.1779311332362794,0.23937058544800766,0.190142088681533,0.03196896957933014,2.0746228203629933,5.543982421480117,35761.79049222857
115,EC,1.16747831471987,1.1860086550196,-1.9843370427249196,-1.093649645909459,1.5506177089423798,5.592943931453384,35644.71421895588
115,EO+,0.43482988358513086,0.5781222777734338,-0.23045798593622782,-0.3518488313091549,2.0032162245216885,5.829685563097878,35644.71421895588
115,EO-,0.6836247891565969,-0.3183961984876874,-0.06716494563006183,0.33924237246143785,2.0746228203629933,5.399377386735331,35644.71421895588
116,EC,1.192076478915023,1.165680217115252,-1.8399269921957546,-1.0812946006306619,1.5506177089423798,5.517624776517733,35433.187369142935
116,EO+,0.2977027060644687,0.28692347183444156,-0.39972487027040093,-0.468025488828263,2.0032162245216885,5.626851911578685,35433.187369142935
116,EO-,0.6685261052018668,0.05454059274300978,0.0896039181361764,0.33091524967127706,2.0746228203629933,5.336143307032318,35433.187369142935
117,EC,1.160771664208319,1.3411697555033013,-2.1040614585928616,-1.6490176535572467,1.5506177089423798,5.446279452161887,35331.134107115504
117,EO+,0.7031078943002471,0.6058891438938254,-0.5621864351805006,-0.4381377340091388,2.0032162245216885,5.138106731538736,35331.134107115504
117,EO-,0.4256688490262402,1.044464883326703,0.10179272246997191,-0.4317581833885292,2.0746228203629933,5.273693051951055,35331.134107115504
118,EC,1.1324180635065157,1.1665129271798274,-1.766436882778308,-1.2286331856642918,1.5506177089423798,5.951075863132708,35487.363469058495
118,EO+,0.6957237175284703,0.45195503931676007,-0.702952057799316,-0.25960375789123646,2.0032162245216885,5.503558244175569,35487.363469058495
118,EO-,0.32839743100027696,0.6311702504864984,0.1919350173207316,-0.043421607916035276,2.0746228203629933,5.06447842623467,35487.363469058495
119,EC,1.0615510064432458,1.1152954202095047,-1.417748875514177,-1.047968968245061,1.5506177089423798,6.341308106472429,35740.61195661913
119,EO+,0.6714639540806401,0.5043983714402156,-0.3325997469893887,-0.2092096133209283,2.0032162245216885,5.2967991319521746,35740.61195661913
119,EO-,0.6242257330834848,-0.13388931326638967,0.1741632501038357,0.45587439360355203,2.0746228203629933,5.365327593983413,35740.61195661913
120,EC,1.0305331318472262,0.9476187678012996,-1.5944944165331756,-0.9802255568810614,1.5506177089423798,5.908742706713976,35665.42346522058
120,EO+,0.7615636003720725,0.3952320897521964,-0.4981884332090245,-0.24768630043155881,2.0032162245216885,5.771086450871767,35665.42346522058
120,EO-,0.5625566468157733,0.8479669262837346,-0.08694418903238128,-0.3781315365760849,2.0746228203629933,5.856230841139788,35665.42346522058
121,EC,1.0266411053680777,1.3686210387266518,-1.4855868350270116,-1.3176822550480798,1.5506177089423798,6.2772310345552125,35936.316105118625
121,EO+,0.6880239146618037,0.2209327637780245,-0.40146932303403093,-0.22033030297820014,2.0032162245216885,5.735190405166557,35936.316105118625
121,EO-,0.828532693375327,0.892661595013752,0.06654403714233438,-0.15461194478610474,2.0746228203629933,5.820092836942438,35936.316105118625
122,EC,1.0978563799975336,1.1341007358671504,-1.7493561997015354,-1.347476242886923,1.5506177089423798,6.175934899059987,35575.20935026872
122,EO+,0.6699499038105194,0.34001097315000106,-0.4899709516293077,-0.3673165662792848,2.0032162245216885,5.471589069494467,35575.20935026872
122,EO-,0.7264178644067031,1.0795909688333198,-0.10876962993692882,-0.43036291132725657,2.0746228203629933,5.359426756432023,35575.20935026872
123,EC,1.0917069776611554,1.2232569642737778,-1.643226722053989,-1.1532538280894564,1.5506177089423798,5.431314432102857,35473.04191801079
123,EO+,0.48344679843131877,0.1841355181428423,-0.4563561510241043,-0.24090046044515434,2.0032162245216885,5.592963316023251,35473.04191801079
123,EO-,0.47272322210756773,-0.29059494587161094,0.2594527233309901,0.5538204854000544,2.0746228203629933,4.967898087625114,35473.04191801079
124,EC,1.2689221878339438,1.2685970575227836,-1.6986947093991724,-1.214707818432997,1.5506177089423798,5.323248340065641,35465.739908620606
124,EO+,0.481017981459739,0.37105139821587385,-0.39942269561356547,-0.36761089089142385,2.0032162245216885,5.6756967955482,35465.739908620606
124,EO-,0.5342424253351554,0.16603201813196058,0.07005698405986623,0.2207875391546734,2.0746228203629933,5.375320909762436,35465.739908620606
125,EC,1.015885468580393,1.2972246063323603,-1.479878421499888,-1.2529147536337657,1.5506177089423798,5.312472838639971,35574.63710722323
125,EO+,0.7982153734263466,0.633915793745609,-0.488716877361952,-0.45461950393020095,2.0032162245216885,5.342421401028902,35574.63710722323
125,EO-,0.32210588694741654,-0.24441309823345486,0.028870649226053778,0.19125552473309793,2.0746228203629933,6.0514647718405215,35574.63710722323
126,EC,0.9153018385577778,1.0615361848336033,-1.194797010012593,-0.8281063918459999,1.5506177089423798,5.914465038176803,35609.05520458369
126,EO+,0.6860268119524222,0.6258828236924285,-0.7262861404001401,-0.5583746280499041,2.0032162245216885,5.260348092584593,35609.05520458369
126,EO-,0.7395171009075374,0.9751859306185415,-0.1370400601744988,-0.3498500817974819,2.0746228203629933,5.6930000684290345,35609.05520458369
127,EC,0.9133398391818911,1.060711475885074,-1.4634245788536575,-1.0891919191014972,1.5506177089423798,6.212834331574608,35676.854632632036
127,EO+,0.5640095089596853,0.15906123034779696,-0.38039509639222696,-0.12686925261438814,2.0032162245216885,5.685318309119425,35676.854632632036
127,EO-,0.762388265326562,0.867243997326431,-0.020497296285483798,-0.22183997820415263,2.0746228203629933,5.358636546210308,35676.854632632036
128,EC,1.0145901941018618,1.0571836861645663,-1.3319215825050534,-0.8388374828882783,1.5506177089423798,5.309924690687211,35620.04929654173
128,EO+,0.7782152432299368,0.49090455354886564,-0.3197148969719103,-0.045816024801043756,2.0032162245216885,5.608793717803589,35620.04929654173
128,EO-,0.44454571344395816,-0.12286341668406212,0.1305694381060595,0.32711243267462653,2.0746228203629933,5.464853509211506,35620.04929654173
129,EC,1.0365258524367271,1.068421457404921,-1.27069931415053,-0.7585612761362033,1.5506177089423798,6.22715004878308,35692.43706118746
129,EO+,0.6034281972793786,0.30953525958707173,-0.4797933553965645,-0.18121657683418302,2.0032162245216885,5.275404330553309,35692.43706118746
129,EO-,0.45590750098486443,-0.10954764520012103,-0.04609035742172231,0.16609401712956862,2.0746228203629933,5.736808292147039,35692.43706118746
130,EC,1.138226954556982,1.452043589703862,-1.351060816120523,-1.147114512138692,1.5506177089423798,5.893135516022656,35900.47084381527
130,EO+,0.6905432535732998,0.569975987746676,-0.10355893757827643,-0.1245635712267054,2.0032162245216885,5.315684810124434,35900.47084381527
130,EO-,0.0702791812325763,0.059334418644547526,0.26910220941134017,0.21824487598216885,2.0746228203629933,5.946120054592507,35900.47084381527
131,EC,1.1442908642957927,1.2810645387624868,-1.792642451516435,-1.0920707773716833,1.5506177089423798,5.713844390324109,35603.180506765275
131,EO+,0.4320298013310913,0.33064441437551456,-0.5028997366992269,-0.3782772212294556,2.0032162245216885,5.6218114748929295,35603.180506765275
131,EO-,0.09364216520932642,0.025105488381907178,0.24452868980878015,0.21489279860621052,2.0746228203629933,5.553343217153656,35603.180506765275
132,EC,1.0411604205222993,1.2745930443949627,-1.832338880179252,-1.4433182788716512,1.5506177089423798,5.093061123421638,35606.44950737346
132,EO+,0.7093114700584713,0.43324015632077195,-0.7253302658037707,-0.38098220160685503,2.0032162245216885,5.8061409366900065,35606.44950737346
132,EO-,0.6669775033311307,-0.2328945042030504,0.04737002740491617,0.37634701989524655,2.0746228203629933,5.8968121807700955,35606.44950737346
133,EC,1.0715777241797202,1.0753667198830348,-1.406814746546789,-0.9029735999511093,1.5506177089423798,5.614909039221377,35607.24674733053
133,EO+,0.6466570004755475,0.34027856325933237,-0.45617915529952124,-0.39760143556611605,2.0032162245216885,5.969803302778319,35607.24674733053
133,EO-,0.19424717888785548,-0.36566235173750505,0.1932597080334859,0.36409841239478835,2.0746228203629933,5.1840617065519705,35607.24674733053
134,EC,0.9789889973705566,1.028228802357118,-1.6362224083115104,-1.254803305477854,1.5506177089423798,5.7234369899005095,35750.767907748705
134,EO+,0.6475086235221483,0.5182097466090648,-0.47977588208731803,-0.2368747830147146,2.0032162245216885,6.31401460704887,35750.767907748705
134,EO-,0.4449652834205776,0.5279437918268746,0.042062220486860674,-0.009861805102483395,2.0746228203629933,5.727574443809415,35750.767907748705
135,EC,1.0360357563363474,1.0122606954594537,-1.4324126154293295,-0.8084669788676304,1.5506177089423798,5.493906238083179,35545.109451200326
135,EO+,0.7067895047280612,0.48260114182445674,-0.43940557229360855,-0.22296357183719262,2.0032162245216885,5.760825934458635,35545.109451200326
135,EO-,0.27842146625788006,0.0652845025994969,0.24576803720506418,0.34063300384603495,2.0746228203629933,5.167480534208435,35545.109451200326
136,EC,1.2839175171027217,1.4365548427629111,-1.8166260919671031,-1.56739758022499,1.5506177089423798,5.696239169489681,35527.68283911057
136,EO+,0.45190766435408447,0.48799831280995387,-0.23247124121132734,-0.21602430215300733,2.0032162245216885,5.09466093400675,35527.68283911057
136,EO-,0.4588040356983236,-0.04980359993965476,0.15350033733757135,0.26801139564563714,2.0746228203629933,5.447874386805236,35527.68283911057
137,EC,1.1708862298927338,1.1139276380559942,-1.669532520384255,-0.9816627224787413,1.5506177089423798,5.143431631331019,35162.74722473124
137,EO+,0.456129682361731,0.45395573359759467,-0.229427933697891,-0.21221977188050783,2.0032162245216885,5.4112178603817265,35162.74722473124
137,EO-,0.4460555141403922,0.8161023022537093,0.03524174130689846,-0.2703974006962676,2.0746228203629933,4.925456000445736,35162.74722473124
138,EC,1.0952982844985015,1.2179722698458955,-1.9065816164189067,-1.2458178968653102,1.5506177089423798,5.255201922632091,35325.749531323905
138,EO+,0.3990214478087486,0.32268407533464616,-0.130861690240192,-0.11584711309007575,2.0032162245216885,5.321598519454129,35325.749531323905
138,EO-,0.766014386021287,0.9054706512398469,0.003272774030515547,-0.0658517616559612,2.0746228203629933,5.127753646848738,35325.749531323905
139,EC,1.0817123706645617,1.2640255102168418,-1.375455600842075,-1.216134143405573,1.5506177089423798,5.702857126993782,35723.826996905744
139,EO+,0.6773638941271903,0.49726907455992053,-0.5484604037011523,-0.21154543175505836,2.0032162245216885,5.790179895261395,35723.826996905744
139,EO-,0.44110977477201774,0.8307136721802786,0.045613750435131745,-0.22342735340540681,2.0746228203629933,5.549792198425553,35723.826996905744
140,EC,1.0123297818296657,1.109169964367692,-1.712082070513974,-1.1997610767623272,1.5506177089423798,5.3891923358397245,35503.92231647047
140,EO+,0.6759265494841227,0.46615108722248494,-0.5893399457631019,-0.4252193736268227,2.0032162245216885,5.401548720279017,35503.92231647047
140,EO-,0.3113944672878926,-0.7020892643133763,0.24663678066784608,0.44928447026527407,2.0746228203629933,5.5132911283654105,35503.92231647047
141,EC,0.9146631086283944,0.8678000450462736,-1.1947304549644455,-0.652824903076942,1.5506177089423798,6.288692885532637,35750.147675436514
141,EO+,0.7457108879806167,0.6043076889906849,-0.18923952938583682,-0.12943741804096628,2.0032162245216885,5.3351949852655745,35750.147675436514
141,EO-,0.25702390227247973,0.533623742999336,0.18824482077851407,-0.03213143084917015,2.0746228203629933,5.616881168823162,35750.147675436514
142,EC,1.1385613576742097,1.2063863149666176,-1.6002109794437491,-1.1610000836371142,1.5506177089423798,6.07346996839922,35621.980692119076
142,EO+,0.6485989580597555,0.39304697515594966,-0.40269572860622765,-0.24919798433216217,2.0032162245216885,5.452076480215105,35621.980692119076
142,EO-,0.5152204941733091,-0.2789322292963229,0.16450192284970205,0.5063103429377689,2.0746228203629933,5.054579910734747,35621.980692119076
143,EC,1.0655398651197199,1.3733011224522196,-1.769931776604029,-1.591461079440689,1.5506177089423798,5.143659275837041,35327.661233907216
143,EO+,0.5606267006537127,0.5160861886366762,-0.43417535769309795,-0.2384379682972463,2.0032162245216885,5.53536636789304,35327.661233907216
143,EO-,0.5031965734069984,0.12958636179973815,0.11940704975272569,0.14331061946740503,2.0746228203629933,5.200745465078322,35327.661233907216
144,EC,1.0940051120940444,1.0734942602815252,-1.6009285674207192,-1.0674978126214862,1.5506177089423798,5.998697539894499,35658.34310814217
144,EO+,0.8259888854317804,0.7823185405210857,-0.7912242198631252,-0.5135535454054945,2.0032162245216885,5.344841531094026,35658.34310814217
144,EO-,0.38513306536586767,-0.20831285685540019,-0.08856397204393666,0.1462781710245526,2.0746228203629933,5.976229747184706,35658.34310814217
145,EC,1.1046172720965997,1.2697106990757356,-1.8214546470276933,-1.3372729531082383,1.5506177089423798,5.942658308010683,35719.66317896324
145,EO+,0.9168748035367861,0.8137446402479865,-0.8240394363004221,-0.46908496979921244,2.0032162245216885,5.708252941991384,35719.66317896324
145,EO-,0.5957883348990911,0.9177474433096148,-0.20795611745705436,-0.38073958325633517,2.0746228203629933,5.402118779392241,35719.66317896324
146,EC,0.9974500652909235,1.059434340556566,-1.5257189470863537,-0.9793830803459282,1.5506177089423798,5.852838801663729,35548.37755852814
146,EO+,0.6891014038007,0.34671490671019645,-0.48893346315025116,-0.22544412650428325,2.0032162245216885,5.624325670676212,35548.37755852814
146,EO-,0.5222615836257226,-0.2527281313693007,0.10307885848698678,0.3622215699516589,2.0746228203629933,5.137405103696182,35548.37755852814
147,EC,0.9670756192738851,0.958117482851064,-1.5706696380498426,-0.9381769738865726,1.5506177089423798,6.542446212601913,35732.585633817405
147,EO+,0.6255353585989278,0.4670685979383412,-0.5737282338046796,-0.2987358816913212,2.0032162245216885,5.811619547309258,35732.585633817405
147,EO-,0.4537841461990482,0.1444489538360545,0.2054964389393006,0.2699554010873725,2.0746228203629933,5.296190304026879,35732.585633817405
148,EC,1.1968909646891404,1.2764782953799036,-1.6765379704482364,-1.0808082460022024,1.5506177089423798,5.72008953778124,35624.11859576503
148,EO+,0.6117817916320335,0.5013124118701429,-0.5398990906285924,-0.24980197977294205,2.0032162245216885,5.630592281603453,35624.11859576503
148,EO-,0.6269887179295629,0.2871359021229892,-0.03306384563764964,0.09234514913770783,2.0746228203629933,5.420180127806907,35624.11859576503
149,EC,1.0140810600995565,1.229598744177557,-1.3656497841909119,-1.1259714202083746,1.5506177089423798,6.013934435008299,35874.38455062734
149,EO+,0.952197504753574,0.7457852292299272,-0.6194297215794854,-0.22575697374529044,2.0032162245216885,5.523896306878948,35874.38455062734
149,EO-,0.5262532317007791,0.17012342992382704,-0.022592067471857373,0.22858999378511335,2.0746228203629933,5.783028523435881,35874.38455062734
150,EC,1.0681400618973123,0.8858109815891811,-1.385310480546059,-0.708784594966584,1.5506177089423798,5.364651038637319,35435.00028850975
150,EO+,0.8098652389574474,1.0506537643402347,-0.6740262823415865,-0.7615284170631537,2.0032162245216885,4.9993615012724,35435.00028850975
150,EO-,0.3207468042195189,-0.08223961348053932,0.10918520919288854,0.2599230268960036,2.0746228203629933,5.7737146267978225,35435.00028850975
151,EC,1.075875746453194,1.1753037438764284,-1.5185133373205566,-1.1622982611005197,1.5506177089423798,6.352158772256504,35810.30809672644
151,EO+,0.6121371356770555,0.3687282590657727,-0.493190269246857,-0.3420243581485437,2.0032162245216885,6.3087345120241105,35810.30809672644
151,EO-,0.6428108273972877,0.8870146172417441,-0.09869479550701385,-0.20691075855580093,2.0746228203629933,5.057957308095897,35810.30809672644
152,EC,0.9881089270027362,0.739550161886483,-1.1962297107813944,-0.6109237180764813,1.5506177089423798,5.916205527797073,35389.61298363673
152,EO+,0.9410474115756803,0.784212831994171,-0.7312974990323173,-0.49866062608590594,2.0032162245216885,5.662550703108385,35389.61298363673
152,EO-,0.4794930048483924,0.4314183503340316,-0.10151234875446594,-0.061970723838349936,2.0746228203629933,4.793083163021031,35389.61298363673
153,EC,1.2974475499529148,1.300444854632984,-1.8815806980541951,-1.163136044986802,1.5506177089423798,5.598536509146107,35890.82767497264
153,EO+,0.7205599745614611,0.585867622872644,-0.4996791568815392,-0.22068568333847827,2.0032162245216885,5.850353178160958,35890.82767497264
153,EO-,0.3723979032373515,-0.3766719600259814,0.13630638388777688,0.35360420673730575,2.0746228203629933,5.779859977307449,35890.82767497264
154,EC,1.156537136817875,1.299309612304652,-1.895895058125091,-1.2598698060727807,1.5506177089423798,5.397709070782471,35701.62227554419
154,EO+,0.5771485337534618,0.44444357530420087,-0.415049351132152,-0.15149056536916883,2.0032162245216885,5.480001466025422,35701.62227554419
154,EO-,0.6705937029015699,0.8044217022871563,-0.24729135611408581,-0.2957333367100954,2.0746228203629933,5.993579320827122,35701.62227554419
155,EC,1.20085320278931,1.2756132237423397,-1.7768102091813192,-1.1509883444736255,1.5506177089423798,5.9998019202889825,35717.03704189703
155,EO+,0.5734672777255652,0.4347008132221001,-0.589438404108927,-0.3920025330306305,2.0032162245216885,6.093594615184733,35717.03704189703
155,EO-,0.6996358320449877,0.9232502153835278,-0.023810878278887275,-0.2619248619226866,2.0746228203629933,5.113434780901111,35717.03704189703
156,EC,1.1078908894353556,1.2496249569569848,-1.6433760090164058,-1.1291502292293745,1.5506177089423798,5.2422466688014175,35286.250104321916
156,EO+,0.661575133011573,0.42836488528466465,-0.5483391256380427,-0.32327755536186775,2.0032162245216885,5.21916768782367,35286.250104321916
156,EO-,0.47306674701412327,0.0035997261799779363,0.0006515198312081177,0.18082890217616243,2.0746228203629933,5.283306218597351,35286.250104321916
157,EC,1.087597455167073,0.9448305682858015,-1.5970388972198948,-1.0405549400173046,1.5506177089423798,6.117094420376295,35755.38151935518
157,EO+,0.7230954800609937,0.34219062146888357,-0.4287671093452889,-0.23628385060575693,2.0032162245216885,5.728618727042426,35755.38151935518
157,EO-,0.4176086301624952,0.28617647180843997,0.06370170200266724,0.11284740573035706,2.0746228203629933,5.99475392215963,35755.38151935518
158,EC,1.078375347275994,1.2921644753914778,-1.8404482429716962,-1.495284833029884,1.5506177089423798,5.730492724733519,35561.73634335219
158,EO+,0.9131354981833715,0.5326269291832887,-0.7067944255710282,-0.289802546923415,2.0032162245216885,5.829144685556475,35561.73634335219
158,EO-,0.5270321075702477,-0.5749082301155303,0.019625011911323223,0.48954802556714194,2.0746228203629933,4.755996435691857,35561.73634335219
159,EC,0.7972157693305192,0.7453924768465741,-1.1662343567835791,-0.6928320470870886,1.5506177089423798,5.551600611828544,35429.804935237305
159,EO+,0.6182954619139502,0.46795066094794713,-0.5007456569425541,-0.2742625643708726,2.0032162245216885,5.5023639715138835,35429.804935237305
159,EO-,0.52351820688524,0.36481940873273067,-0.11098405607038929,-0.05942899238728936,2.0746228203629933,5.673248164027216,35429.804935237305
160,EC,1.127672870204949,1.2734276808236227,-1.5857534873916956,-1.4143253342537179,1.5506177089423798,5.664997515491922,35350.42917251312
160,EO+,0.8240950766951882,0.746395308294309,-0.7379561790610836,-0.549075151979991,2.0032162245216885,5.245354486892071,35350.42917251312
160,EO-,0.31919556265639953,-0.0020192449370502984,0.3424607803208618,0.32212327215406644,2.0746228203629933,5.012600544869797,35350.42917251312
161,EC,1.1261156060777784,1.3091534708629775,-1.6510673488127499,-1.0655076826374827,1.5506177089423798,5.633365822876479,35632.325745220165
161,EO+,0.8357506191606388,0.58870485982126,-0.6989701771130471,-0.4127317880058503,2.0032162245216885,5.705310433929004,35632.325745220165
161,EO-,0.39489115653061974,-0.0036962119706520956,0.02907802608744343,0.12660719529287442,2.0746228203629933,5.64596227943671,35632.325745220165
162,EC,0.952226519434588,0.9988670892636442,-1.4117478344308334,-0.8685699152481001,1.5506177089423798,5.914207156509738,35672.502536521446
162,EO+,0.7666744889090367,0.5539711831658867,-0.48913650912306744,-0.3973728342842412,2.0032162245216885,5.717861333316356,35672.502536521446
162,EO-,0.49183228099658627,0.5024160437525403,-0.023909453160227377,-0.021893408221406972,2.0746228203629933,5.814082869710901,35672.502536521446
163,EC,1.1028513614863105,1.224806983419658,-1.7800368358401744,-1.4115473973716144,1.5506177089423798,5.834742769691244,35798.46153989308
163,EO+,0.649532268613844,0.7513012430516959,-0.7897937584550778,-0.7214693211685543,2.0032162245216885,6.168944951480726,35798.46153989308
163,EO-,0.3672883041988137,-0.6510092380214842,0.16162848153347584,0.4158295814954966,2.0746228203629933,5.459580803799573,35798.46153989308
164,EC,1.1442244500324814,0.9195640233434809,-1.348715543076475,-0.6519820268772245,1.5506177089423798,5.637754129759191,35493.40371265172
164,EO+,0.58631117592662,0.5701675839886767,-0.5710905480135402,-0.3173198770973609,2.0032162245216885,4.996616019676098,35493.40371265172
164,EO-,0.33633975545655825,-0.5826327132378282,0.36477956290154023,0.3515157443964669,2.0746228203629933,5.419460257574009,35493.40371265172
165,EC,1.2038108666187803,1.1864134608285735,-1.6828215045878292,-0.9554647485041199,1.5506177089423798,5.52070321805285,35613.17858561888
165,EO+,0.5954626211042134,0.6514658125123745,-0.3416352471914917,-0.22614287294935193,2.0032162245216885,5.614611755891932,35613.17858561888
165,EO-,0.5620696622663403,0.6128537513650724,0.10308810090752349,0.014098087844128422,2.0746228203629933,5.463723636377127,35613.17858561888
166,EC,1.0136677731202073,0.9269396621065962,-1.5043417391032636,-0.8560355403859665,1.5506177089423798,6.174091113642467,35552.2039966376
166,EO+,0.7429620489007303,0.7241836203069746,-0.705434905853967,-0.5860918264211401,2.0032162245216885,5.2938779036124455,35552.2039966376
166,EO-,0.2774174431388684,-0.29028900996984863,0.25503474110589847,0.35269114708990035,2.0746228203629933,5.30398528506942,35552.2039966376
167,EC,0.994286923837582,1.1569392320362084,-1.7406703533254249,-1.267787377566542,1.5506177089423798,5.207718056102534,35405.58820530089
167,EO+,0.9271512602510004,0.7786970399899383,-0.8341995917353944,-0.46266038745311044,2.0032162245216885,6.044820282160684,35405.58820530089
167,EO-,0.37664891484053264,-0.06914707117389919,0.24506697208658443,0.2536443970379961,2.0746228203629933,5.048539083762716,35405.58820530089
168,EC,1.052668997239338,0.8197452333183742,-1.6869167713191173,-0.9822238412121227,1.5506177089423798,6.068435893000279,35577.03496516213
168,EO+,0.7427057135338816,0.41726837591431876,-0.21636199358872285,-0.08486931829287718,2.0032162245216885,5.5540405503305355,35577.03496516213
168,EO-,0.3513043002260777,-0.06124763856040865,0.2011492947903,0.27811058364789576,2.0746228203629933,5.374973217175167,35577.03496516213
169,EC,1.1223582156032719,1.0503865962129535,-1.7164032895170456,-1.0910243957265138,1.5506177089423798,6.594978453279413,35914.42020079279
169,EO+,0.6732248110886528,0.8146413030832226,-0.7266495959998011,-0.6153560790241626,2.0032162245216885,5.945483507058949,35914.42020079279
169,EO-,0.48393460694336404,0.9487214023130707,0.028951103788373667,-0.2911253459552189,2.0746228203629933,5.582776752231252,35914.42020079279
170,EC,1.031706445533139,1.1659689572538665,-1.7929967935217137,-1.2642281935082915,1.5506177089423798,6.46826253236895,35728.583307692556
170,EO+,0.4769100820156728,0.39987527923293675,-0.4423523083571056,-0.11988957794694537,2.0032162245216885,5.621532267725756,35728.583307692556
170,EO-,0.5789126218883467,0.439175477654845,0.05303616910859146,0.08005369306684816,2.0746228203629933,5.378405823971686,35728.583307692556
171,EC,1.0720186745928473,1.216581521597334,-1.1653158811141842,-1.0332295717986417,1.5506177089423798,5.803111456747619,35364.830927093775
171,EO+,0.392895905442678,0.44112855727715655,-0.26088575586518364,-0.14644128937813117,2.0032162245216885,5.125556950346255,35364.830927093775
171,EO-,0.49887600559955714,0.41627107412029674,0.09535925839435501,0.12546361483390606,2.0746228203629933,4.949658050525148,35364.830927093775
172,EC,1.2361663254915238,1.3545334273420713,-1.9204707384729722,-1.344788352814858,1.5506177089423798,5.209122402545921,35583.94118022214
172,EO+,0.5522687475415432,0.5766987650624638,-0.3044537769038079,-0.359385566820247,2.0032162245216885,5.852085598090463,35583.94118022214
172,EO-,0.38424977358678775,0.812290567834167,0.04555954766686553,-0.4234868801491384,2.0746228203629933,5.56340675658643,35583.94118022214
173,EC,0.9620000561582988,1.2021619151480074,-1.6971707971816434,-1.3030656965188347,1.5506177089423798,5.779385643716828,35468.6824637302
173,EO+,0.7181736112879277,0.23858510875356903,-0.20709653141290835,-0.05230823087283745,2.0032162245216885,5.371311285583159,35468.6824637302
173,EO-,0.7328481072149313,0.006172784723275253,-0.2880948017396077,0.16165666816461,2.0746228203629933,5.260257823481574,35468.6824637302
174,EC,1.1211466068049365,0.954371633718579,-1.5191232343278196,-0.8453348405082504,1.5506177089423798,6.055342386442398,35676.53265287222
174,EO+,0.6267446763482026,0.6190029771139829,-0.6511411279796903,-0.5972893677825852,2.0032162245216885,5.503253232859636,35676.53265287222
174,EO-,0.5916534043702055,0.4500970141896553,0.05489579323948127,0.06016112650393486,2.0746228203629933,6.025732598543581,35676.53265287222
175,EC,1.0787290433925714,1.0933317092056902,-1.362432039249654,-1.0518279213286421,1.5506177089423798,5.882030673814379,35440.43586924823
175,EO+,0.6795826474719308,0.5202964528212484,-0.35968496525841065,-0.20162932199770128,2.0032162245216885,5.241169134210665,35440.43586924823
175,EO-,0.4383672268062089,0.9104884217090038,0.16742125060216767,-0.31497486406687647,2.0746228203629933,5.119216787711728,35440.43586924823
176,EC,1.2064357187275216,1.1904568120383163,-1.7278849373613885,-1.1754973855810913,1.5506177089423798,5.896362546106078,35375.10701902802
176,EO+,0.5533851728640149,0.40789556699913726,-0.4288617181297588,-0.3311086105467336,2.0032162245216885,5.33259260043862,35375.10701902802
176,EO-,0.5200698412084339,0.43307888921240756,0.15453750423711,0.20795901723828392,2.0746228203629933,4.9188920662359115,35375.10701902802
177,EC,1.1153201370441579,1.1180001150150893,-1.6345656755520834,-0.9674456785987333,1.5506177089423798,5.629883730623621,35620.12787720217
177,EO+,0.5611660486878417,0.46480958577828935,-0.797760571655401,-0.5068958140974444,2.0032162245216885,5.911210372028446,35620.12787720217
177,EO-,0.4547094657752901,-0.6352308360755713,0.02706524356794835,0.41769548180140637,2.0746228203629933,5.201373622779194,35620.12787720217
178,EC,0.984735517492174,1.0016185985709303,-1.459742654258665,-0.9012457764362037,1.5506177089423798,5.410274663304674,35401.3604276537
178,EO+,0.8006956462464134,0.332552737237998,-0.6440840209525824,-0.3889395110934434,2.0032162245216885,5.603032119563419,35401.3604276537
178,EO-,0.6645502765224311,0.8090782562007839,-0.012923030333825124,-0.2197388249637999,2.0746228203629933,5.598425482327572,35401.3604276537
179,EC,1.162300765706639,1.3973220513124684,-1.9761725369913248,-1.4113039953023745,1.5506177089423798,6.11717340114459,35713.50412971567
179,EO+,0.46522504190667907,0.07536510472831176,-0.45192580848255876,-0.06488534344888156,2.0032162245216885,5.784321054737632,35713.50412971567
179,EO-,0.6590744249710027,0.935986872041409,-0.08618286543749072,-0.3619685026110495,2.0746228203629933,5.1202830220683495,35713.50412971567
180,EC,1.1544171527290032,1.2576476626326714,-1.8085048375692307,-1.268458885410214,1.5506177089423798,5.486256634878395,35580.6230845624
180,EO+,0.4151472015739216,0.31384001531673744,-0.38994509641382935,-0.2886142573571084,2.0032162245216885,5.8938340182430355,35580.6230845624
180,EO-,0.4478160749947001,0.13644824217738982,0.0763736712776762,0.08894968615851705,2.0746228203629933,5.637601878271251,35580.6230845624
181,EC,1.0703993457505003,1.1997985952429309,-1.6109558542484872,-1.0315949537264173,1.5506177089423798,5.932017528374553,35608.99755964274
181,EO+,0.5335911240838895,0.3177758964103744,-0.41558074059509015,-0.3722726561125992,2.0032162245216885,5.95711444726586,35608.99755964274
181,EO-,0.5396008596298109,0.8284564605222203,0.0971034303054783,-0.18297280629038026,2.0746228203629933,5.138023829424275,35608.99755964274
182,EC,0.9821080703996439,1.1578502076074826,-1.3951041653807577,-1.1168628630294477,1.5506177089423798,5.802916277853949,35653.11723168427
182,EO+,0.6639037070810717,0.40927445004774643,-0.3213030800220927,-0.12706314851587913,2.0032162245216885,5.436206941593963,35653.11723168427
182,EO-,0.27465890053131614,-0.2985726285685778,0.1490385265435583,0.3558721692377276,2.0746228203629933,5.494283992170248,35653.11723168427
183,EC,1.2286792970880407,1.4436969611194173,-1.56544246980844,-1.2357138608334943,1.5506177089423798,5.454919923236399,35595.3658241069
183,EO+,0.650666000857791,0.5689599524450393,-0.3134998265488551,-0.2535397738758294,2.0032162245216885,5.701799101277192,35595.3658241069
183,EO-,0.564145457703855,-0.21676823037263432,0.25119412890952136,0.519030348555082,2.0746228203629933,4.735230032690588,35595.3658241069
184,EC,1.0037420263092212,1.2284163153256134,-1.6310794701252276,-1.293341753154787,1.5506177089423798,6.017850188365018,36069.53464749872
184,EO+,0.7218480219306619,0.6070207244271999,-0.31231006376208686,-0.09527074406295463,2.0032162245216885,5.864876507005029,36069.53464749872
184,EO-,0.37650034219320994,-0.0791503009927166,0.1673466518218449,0.30009917399155883,2.0746228203629933,6.240473517685084,36069.53464749872
185,EC,0.9921133830373399,0.9524672370899072,-1.1616050683129833,-0.7273862608984396,1.5506177089423798,6.249046609538587,35643.925815401584
185,EO+,0.7946663179750122,0.6572457960223691,-0.6456394014239127,-0.4772888241563772,2.0032162245216885,5.368637388687608,35643.925815401584
185,EO-,0.5964438416736342,-0.4553949797004911,-0.14797712498341187,0.37322226593279295,2.0746228203629933,5.213005454503335,35643.925815401584
186,EC,1.154509862302126,1.457471121455268,-1.5399864282387812,-1.3817209725645343,1.5506177089423798,5.44849805586856,35595.249380207526
186,EO+,0.49336643584157147,0.5886923005529481,-0.46574073527316767,-0.48854366086039097,2.0032162245216885,6.081196092603834,35595.249380207526
186,EO-,0.7292386460286286,0.42557282198012536,0.028268021525857244,0.06578422103378923,2.0746228203629933,5.115500601964023,35595.249380207526
187,EC,0.9184561511206545,1.2143671097588957,-0.9699893533779169,-0.7448054658403553,1.5506177089423798,5.510139961865372,35665.35768554142
187,EO+,0.4161366367775006,0.5047869677594161,-0.21092432311127096,-0.2610624097455296,2.0032162245216885,5.536293930494976,35665.35768554142
187,EO-,0.45581915373577025,-0.5996496916264111,0.19226446058809663,0.40666824653925926,2.0746228203629933,5.273007480997536,35665.35768554142
188,EC,1.037843559664542,1.08347015809953,-1.2150174212116795,-0.7506508319475873,1.5506177089423798,5.13929162921917,35469.73744409102
188,EO+,0.5264540982767133,0.2519221396740464,-0.47273252575975494,-0.23213338411926013,2.0032162245216885,5.546005549635328,35469.73744409102
188,EO-,0.15866399908343082,-0.1328283067496241,0.253455845851842,0.2230763106206383,2.0746228203629933,5.595033432041266,35469.73744409102
189,EC,1.122766896925212,1.3287638920041052,-1.6985110556743912,-1.1809928378844916,1.5506177089423798,5.443779300168691,35690.44413006598
189,EO+,0.5596634826653449,0.6726630134423759,-0.16798895937802252,-0.1284048712168923,2.0032162245216885,5.2321212591147574,35690.44413006598
189,EO-,0.4545919150082501,0.809766809601272,0.10112838655667043,-0.20561131564249813,2.0746228203629933,5.944712307897772,35690.44413006598
190,EC,1.1611279880313066,1.2539803162803251,-1.6183299516972751,-1.1272329133964871,1.5506177089423798,5.455919303186631,35645.39718677466
190,EO+,0.5460862823109339,0.3867709408479436,-0.4475190438768737,-0.19204576331893905,2.0032162245216885,5.805389881459358,35645.39718677466
190,EO-,0.43070104467742637,0.10177090466033314,0.1239747161388464,0.1773879239438621,2.0746228203629933,5.641751751662145,35645.39718677466
191,EC,0.9867573816787905,1.0336995140698986,-1.641651283358608,-1.2274961775653268,1.5506177089423798,5.803263496738159,35214.67498893615
191,EO+,0.5390575722278899,0.42465120573482623,-0.16133447783888047,-0.21195637190874578,2.0032162245216885,5.049884707861265,35214.67498893615
191,EO-,0.7471273299194231,-0.20367405231466887,-0.20972142703525334,0.3295519557805295,2.0746228203629933,4.9702057428457795,35214.67498893615
192,EC,1.2529462794219135,1.5041078171739573,-1.7813277807933339,-1.3046657430154984,1.5506177089423798,5.869371246723924,35888.506299048626
192,EO+,0.43439799706395255,0.4489383678275449,-0.2152782742954749,-0.36142426956047924,2.0032162245216885,5.703545822467621,35888.506299048626
192,EO-,0.5787441231243421,-0.49187769078989746,0.09961620640678111,0.40401144698998415,2.0746228203629933,5.529333298529185,35888.506299048626
193,EC,0.9894396742757791,1.139076100107908,-1.3609432178254879,-1.0401764225219878,1.5506177089423798,5.282525575191935,35201.221649197105
193,EO+,0.7581293383538832,0.46076828274554527,-0.8088735655966214,-0.36382312592337474,2.0032162245216885,5.229375795907506,35201.221649197105
193,EO-,0.25930910348654607,-0.3614216046786285,0.21722554502017663,0.5334646381078716,2.0746228203629933,4.619319360978638,35201.221649197105
194,EC,1.1751431861036397,1.2730618712503792,-1.7689533469905385,-1.0123283843332151,1.5506177089423798,5.7057954638242325,35776.229665900886
194,EO+,0.8094280150628929,0.7719929880816823,-0.47050201927923446,-0.33845918852099144,2.0032162245216885,5.857557392268658,35776.229665900886
194,EO-,0.20667554657790857,-0.24955496985280484,0.054398029427084195,0.1988028529821158,2.0746228203629933,5.502869383702963,35776.229665900886
195,EC,1.15543304414392,1.2566142489244432,-1.8326329612347552,-1.3918402831357743,1.5506177089423798,6.208854687011758,35707.77492582272
195,EO+,0.7197790284369288,0.7730460734550759,-0.6027747844407674,-0.5189009550997777,2.0032162245216885,5.622944994885594,35707.77492582272
195,EO-,0.5627960317212423,-0.14532442012730934,-0.11016192509957186,0.3238744533375306,2.0746228203629933,5.3585018358779966,35707.77492582272
196,EC,1.136677278982486,1.2349837282930969,-1.567419156233197,-1.0335988856132152,1.5506177089423798,6.178531368834937,35958.76554196481
196,EO+,0.5849982809022233,0.438895554076457,-0.21880078096446254,-0.16550456626463744,2.0032162245216885,6.109608087360523,35958.76554196481
196,EO-,0.6860868704532406,-0.738229186376073,-0.19583017982900544,0.424525742496351,2.0746228203629933,5.11980566724152,35958.76554196481
197,EC,0.8345551915688908,0.5489888436228272,-1.4183372777578973,-0.8022640755754795,1.5506177089423798,5.94084700991127,35530.70286786687
197,EO+,0.5082920574719177,0.5133932041226584,-0.36203200386700796,-0.28654919346926977,2.0032162245216885,5.897717231817102,35530.70286786687
197,EO-,0.4110878848013086,0.8713800699394937,0.05784908164665744,-0.3739132266019241,2.0746228203629933,5.431079679065329,35530.70286786687
198,EC,1.0583453129873066,0.9871468995483226,-1.3792683440055529,-0.6727020894434034,1.5506177089423798,5.473818260788502,35559.94440228074
198,EO+,0.71116327853722,0.28716203543632446,-0.7428918221716442,-0.3421180879940783,2.0032162245216885,5.914927972268732,35559.94440228074
198,EO-,0.5540827921843728,-0.16078333231740588,-0.023416702731955917,0.3434947487447425,2.0746228203629933,5.190260544568867,35559.94440228074
199,EC,1.1853747430342072,1.3066709104013512,-1.5691361477327797,-1.0673954094408353,1.5506177089423798,5.675082903995191,35790.507354297435
199,EO+,0.7057535690597025,0.5619714563519647,-0.31936943016844965,-0.042023147627292146,2.0032162245216885,5.819963380100919,35790.507354297435
199,EO-,0.24666316181320236,-0.5518852172327082,0.1441992480063929,0.2728191030421706,2.0746228203629933,5.281340848501147,35790.507354297435
